date,股票代码,open,close,high,low,volume,money,振幅,涨跌幅,涨跌额,turnover
2022-07-22,688375,61.42,62.76,65.74,60.45,212467,2047061815.0,11.52,36.7,16.85,69.83
2022-07-25,688375,63.44,62.76,65.12,59.68,112404,1080041296.0,8.67,0.0,0.0,36.94
2022-07-26,688375,62.09,67.87,69.36,62.09,87699,893540002.0,11.58,8.14,5.11,28.82
2022-07-27,688375,66.79,67.4,69.17,65.47,46148,471829077.0,5.45,-0.69,-0.47,15.17
2022-07-28,688375,68.13,65.38,68.78,64.88,54668,551470266.0,5.79,-3.0,-2.02,17.97
2022-07-29,688375,64.64,62.29,65.92,61.43,43317,418657116.0,6.87,-4.73,-3.09,14.24
2022-08-01,688375,62.09,70.23,71.64,62.09,53972,553964373.0,15.33,12.75,7.94,17.74
2022-08-02,688375,69.81,67.74,71.15,66.99,37518,392159047.0,5.92,-3.55,-2.49,12.33
2022-08-03,688375,68.2,69.95,73.54,67.38,54805,592806929.0,9.09,3.26,2.21,18.01
2022-08-04,688375,69.25,69.95,72.45,67.91,35511,380716147.0,6.49,0.0,0.0,11.67
2022-08-05,688375,69.54,79.46,81.89,69.01,55216,632252630.0,18.41,13.6,9.51,18.15
2022-08-08,688375,76.97,79.27,79.95,74.85,32535,382615958.0,6.42,-0.24,-0.19,10.69
2022-08-09,688375,78.2,78.54,78.64,73.77,32864,380038326.0,6.14,-0.92,-0.73,10.8
2022-08-10,688375,76.66,79.95,84.58,76.19,28721,352791144.0,10.68,1.8,1.41,9.44
2022-08-11,688375,80.5,78.07,82.38,76.29,28837,344844296.0,7.62,-2.35,-1.88,9.48
2022-08-12,688375,77.32,74.85,78.35,74.49,15388,177661087.0,4.94,-4.12,-3.22,5.06
2022-08-15,688375,76.53,75.97,77.21,72.16,20359,232077092.0,6.75,1.5,1.12,6.69
2022-08-16,688375,75.17,74.48,77.87,73.65,22116,256176494.0,5.55,-1.96,-1.49,7.27
2022-08-17,688375,74.85,76.38,76.64,73.13,14668,168423125.0,4.71,2.55,1.9,4.82
2022-08-18,688375,75.99,79.01,79.21,73.48,23239,272895516.0,7.5,3.44,2.63,7.64
2022-08-19,688375,77.74,76.99,82.46,76.99,22753,278156536.0,6.92,-2.56,-2.02,7.48
2022-08-22,688375,76.46,74.27,81.43,73.95,18180,213259696.0,9.72,-3.53,-2.72,5.97
2022-08-23,688375,74.42,71.48,75.03,70.82,18879,208098481.0,5.67,-3.76,-2.79,6.2
2022-08-24,688375,71.52,69.02,72.67,68.8,15060,161431248.0,5.41,-3.44,-2.46,4.95
2022-08-25,688375,69.02,68.13,69.81,65.65,18568,192294662.0,6.03,-1.29,-0.89,6.1
2022-08-26,688375,68.62,68.67,69.46,67.17,12144,126756753.0,3.36,0.79,0.54,3.99
2022-08-29,688375,67.33,69.07,70.44,66.89,9545,101138701.0,5.17,0.58,0.4,3.14
2022-08-30,688375,69.48,70.48,71.21,68.25,7624,81396826.0,4.29,2.04,1.41,2.51
2022-08-31,688375,71.33,65.68,71.33,64.78,17036,174820476.0,9.29,-6.81,-4.8,5.6
2022-09-01,688375,66.13,62.64,66.79,61.85,23907,232252382.0,7.52,-4.63,-3.04,7.86
2022-09-02,688375,62.76,65.38,66.93,62.17,12202,120595801.0,7.6,4.37,2.74,4.01
2022-09-05,688375,66.71,63.4,66.71,62.9,8825,86960084.0,5.83,-3.03,-1.98,2.9
2022-09-06,688375,63.11,67.46,68.44,62.7,14038,142398168.0,9.05,6.4,4.06,4.61
2022-09-07,688375,67.46,69.88,71.15,66.87,17632,187607114.0,6.34,3.59,2.42,5.79
2022-09-08,688375,69.52,69.88,70.85,68.52,11073,117871628.0,3.33,0.0,0.0,3.64
2022-09-09,688375,68.87,66.27,70.47,64.86,14107,142515472.0,8.03,-5.17,-3.61,4.64
2022-09-13,688375,66.25,66.67,67.4,64.31,6182,62554955.0,4.66,0.6,0.4,2.03
2022-09-14,688375,64.78,69.72,70.39,64.58,19272,199056516.0,8.71,4.57,3.05,6.33
2022-09-15,688375,69.46,66.09,69.87,64.26,19392,195885844.0,8.05,-5.21,-3.63,6.37
2022-09-16,688375,65.17,66.33,68.72,65.17,14264,146687137.0,5.37,0.36,0.24,4.69
2022-09-19,688375,66.79,66.0,69.73,65.11,15214,155788119.0,6.97,-0.5,-0.33,5.0
2022-09-20,688375,66.15,68.44,68.8,65.12,12946,133684861.0,5.58,3.7,2.44,4.25
2022-09-21,688375,68.21,67.19,69.88,65.69,9541,97698398.0,6.12,-1.83,-1.25,3.14
2022-09-22,688375,67.19,69.38,71.36,66.54,17637,187457144.0,7.17,3.26,2.19,5.8
2022-09-23,688375,69.07,68.74,71.02,68.47,15568,165723713.0,3.68,-0.92,-0.64,5.12
2022-09-26,688375,68.49,65.57,68.8,65.42,12682,129288612.0,4.92,-4.61,-3.17,4.17
2022-09-27,688375,65.81,67.35,67.87,64.85,10596,108137663.0,4.61,2.71,1.78,3.48
2022-09-28,688375,67.19,63.22,68.27,62.76,13240,130977682.0,8.18,-6.13,-4.13,4.35
2022-09-29,688375,63.3,63.63,64.76,62.87,8317,81244230.0,2.99,0.65,0.41,2.73
2022-09-30,688375,62.77,59.52,63.09,58.93,14806,136818302.0,6.54,-6.46,-4.11,4.87
2022-10-10,688375,59.46,57.21,60.08,56.11,15519,136395390.0,6.67,-3.88,-2.31,5.1
2022-10-11,688375,58.09,59.34,60.08,56.78,11976,108237156.0,5.77,3.72,2.13,3.94
2022-10-12,688375,59.61,63.44,64.44,57.35,13521,125442625.0,11.95,6.91,4.1,4.44
2022-10-13,688375,63.43,67.99,68.72,62.89,19997,203323703.0,9.19,7.17,4.55,6.57
2022-10-14,688375,68.13,67.39,68.8,65.23,15679,158978413.0,5.25,-0.88,-0.6,5.15
2022-10-17,688375,66.19,68.06,69.88,66.19,10177,106008789.0,5.48,0.99,0.67,3.34
2022-10-18,688375,68.13,68.3,69.19,66.12,9579,99256562.0,4.51,0.35,0.24,3.15
2022-10-19,688375,68.13,68.2,69.4,67.46,7297,75984604.0,2.84,-0.15,-0.1,2.4
2022-10-20,688375,68.9,69.74,71.97,67.48,12928,138609484.0,6.58,2.26,1.54,4.25
2022-10-21,688375,68.8,69.41,70.94,68.24,10016,106184731.0,3.87,-0.47,-0.33,3.29
2022-10-24,688375,69.72,74.52,76.4,69.72,21828,246102861.0,9.62,7.36,5.11,7.17
2022-10-25,688375,74.65,74.11,76.19,71.62,12721,143907855.0,6.13,-0.55,-0.41,4.18
2022-10-26,688375,74.58,76.45,76.66,71.88,14505,166081020.0,6.45,3.16,2.34,4.77
2022-10-27,688375,77.32,74.69,77.35,73.17,11363,128867679.0,5.47,-2.3,-1.76,3.73
2022-10-28,688375,73.99,75.46,78.2,73.83,11177,129515179.0,5.85,1.03,0.77,3.67
2022-10-31,688375,75.9,75.44,78.29,74.95,15038,174425166.0,4.43,-0.03,-0.02,4.94
2022-11-01,688375,75.85,75.25,77.06,73.92,11728,133826227.0,4.16,-0.25,-0.19,3.85
2022-11-02,688375,74.6,71.95,75.29,70.72,26745,292934020.0,6.07,-4.39,-3.3,8.79
2022-11-03,688375,71.14,76.4,77.18,70.82,18049,204489370.0,8.84,6.18,4.45,5.93
2022-11-04,688375,75.85,75.16,77.06,74.09,11375,129482578.0,3.89,-1.62,-1.24,3.74
2022-11-07,688375,75.47,72.09,76.23,71.52,12102,133830486.0,6.27,-4.08,-3.07,3.98
2022-11-08,688375,72.28,71.21,73.37,69.94,9606,103446140.0,4.76,-1.22,-0.88,3.16
2022-11-09,688375,72.16,71.31,73.7,70.49,9879,108498926.0,4.51,0.14,0.1,3.25
2022-11-10,688375,71.23,69.88,72.09,68.82,8952,95123918.0,4.59,-2.01,-1.43,2.94
2022-11-11,688375,71.35,69.15,72.01,69.09,10558,112662092.0,4.18,-1.04,-0.73,3.47
2022-11-14,688375,69.13,68.1,69.25,66.49,14944,154121599.0,3.99,-1.52,-1.05,4.91
2022-11-15,688375,68.09,70.7,71.14,67.44,10938,116926805.0,5.43,3.82,2.6,3.59
2022-11-16,688375,70.7,70.16,72.42,69.82,6916,74656512.0,3.68,-0.76,-0.54,2.27
2022-11-17,688375,70.32,73.2,73.99,67.43,14801,159408466.0,9.35,4.33,3.04,4.86
2022-11-18,688375,74.11,70.54,74.11,70.48,6466,70291239.0,4.96,-3.63,-2.66,2.13
2022-11-21,688375,70.48,70.89,71.41,69.15,5791,61958156.0,3.2,0.5,0.35,1.9
2022-11-22,688375,71.0,68.68,71.15,68.26,9215,97590554.0,4.08,-3.12,-2.21,3.03
2022-11-23,688375,68.94,67.87,69.36,66.48,4931,50788826.0,4.19,-1.18,-0.81,1.62
2022-11-24,688375,67.72,68.24,69.5,67.13,5472,56791674.0,3.49,0.55,0.37,1.8
2022-11-25,688375,68.23,67.12,69.43,66.9,4118,42409943.0,3.71,-1.64,-1.12,1.35
2022-11-28,688375,64.36,65.36,66.96,64.36,9549,95094704.0,3.87,-2.62,-1.76,3.14
2022-11-29,688375,65.22,63.7,65.45,63.1,14359,139356682.0,3.6,-2.54,-1.66,4.72
2022-11-30,688375,63.7,63.56,64.55,62.6,6187,59974591.0,3.06,-0.22,-0.14,2.03
2022-12-01,688375,64.31,65.52,66.38,63.77,7876,78306865.0,4.11,3.08,1.96,2.59
2022-12-02,688375,65.57,65.44,66.21,65.11,3684,36768622.0,1.68,-0.12,-0.08,1.21
2022-12-05,688375,65.12,65.93,66.43,64.78,4213,42045542.0,2.52,0.75,0.49,1.38
2022-12-06,688375,66.38,65.37,66.69,65.28,4687,46868045.0,2.14,-0.85,-0.56,1.54
2022-12-07,688375,65.79,64.25,65.92,63.84,4795,47180918.0,3.18,-1.71,-1.12,1.58
2022-12-08,688375,64.72,63.07,64.72,62.97,4270,41193944.0,2.72,-1.84,-1.18,1.4
2022-12-09,688375,62.95,62.44,64.29,62.36,5258,50351040.0,3.06,-1.0,-0.63,1.73
2022-12-12,688375,62.27,64.45,65.31,61.48,6747,65434272.0,6.13,3.22,2.01,2.22
2022-12-13,688375,64.71,63.77,65.01,63.77,4523,44357045.0,1.92,-1.06,-0.68,1.49
2022-12-14,688375,64.56,62.34,65.23,61.78,4823,46414746.0,5.41,-2.24,-1.43,1.58
2022-12-15,688375,62.29,63.27,64.21,61.59,2844,27380865.0,4.2,1.49,0.93,0.93
2022-12-16,688375,62.43,61.97,63.7,61.88,2037,19315391.0,2.88,-2.05,-1.3,0.67
2022-12-19,688375,61.76,61.09,63.05,60.62,2092,19517865.0,3.92,-1.42,-0.88,0.69
2022-12-20,688375,60.56,60.86,61.99,60.44,1958,18247938.0,2.54,-0.38,-0.23,0.64
2022-12-21,688375,60.49,60.08,61.15,58.96,3224,29371572.0,3.6,-1.28,-0.78,1.06
2022-12-22,688375,60.75,59.58,60.82,59.08,2332,21339604.0,2.9,-0.83,-0.5,0.77
2022-12-23,688375,60.15,60.64,61.52,58.92,3721,34116094.0,4.36,1.78,1.06,1.22
2022-12-26,688375,60.64,63.77,64.61,60.13,8918,86023195.0,7.39,5.16,3.13,2.93
2022-12-27,688375,64.09,64.68,65.78,62.87,6919,68031963.0,4.56,1.43,0.91,2.27
2022-12-28,688375,65.68,63.13,65.68,62.9,2958,28639218.0,4.3,-2.4,-1.55,0.97
2022-12-29,688375,63.13,62.73,64.11,62.73,4443,42919007.0,2.19,-0.63,-0.4,1.46
2022-12-30,688375,63.37,62.96,63.48,61.91,3491,33324398.0,2.5,0.37,0.23,1.15
2023-01-03,688375,62.93,64.5,65.68,62.36,5183,50990156.0,5.27,2.45,1.54,1.7
2023-01-04,688375,65.45,65.7,66.03,64.15,5410,53643325.0,2.91,1.86,1.2,1.77
2023-01-05,688375,65.48,65.56,66.6,65.22,3613,36200242.0,2.1,-0.21,-0.14,1.18
2023-01-06,688375,66.32,63.93,66.38,62.75,6861,66795202.0,5.54,-2.49,-1.63,2.25
2023-01-09,688375,63.1,63.01,64.74,62.89,3718,35887018.0,2.89,-1.44,-0.92,1.22
2023-01-10,688375,62.76,63.27,64.27,62.76,2528,24406564.0,2.4,0.41,0.26,0.83
2023-01-11,688375,63.77,62.17,64.11,62.09,3108,29655364.0,3.19,-1.74,-1.1,1.02
2023-01-12,688375,63.1,62.83,64.94,61.09,7436,71113956.0,6.19,1.06,0.66,2.43
2023-01-13,688375,62.86,60.68,62.86,60.04,8612,79685925.0,4.49,-3.42,-2.15,2.82
2023-01-16,688375,60.74,60.78,61.66,59.82,7879,73020281.0,3.03,0.16,0.1,2.58
2023-01-17,688375,60.81,61.53,62.66,60.69,6738,63314682.0,3.24,1.23,0.75,2.21
2023-01-18,688375,61.09,62.84,63.4,61.09,5118,48660812.0,3.75,2.13,1.31,1.67
2023-01-19,688375,62.78,65.49,65.5,62.36,9982,97516290.0,5.0,4.22,2.65,3.27
2023-01-20,688375,64.89,64.16,65.47,64.02,6187,60534936.0,2.21,-2.03,-1.33,2.02
2023-01-30,688375,65.11,62.83,65.11,60.49,17183,163474051.0,7.2,-2.07,-1.33,5.35
2023-01-31,688375,61.9,64.17,64.23,61.75,9405,90526274.0,3.95,2.13,1.34,2.93
2023-02-01,688375,63.76,65.12,66.85,63.07,15731,154212795.0,5.89,1.48,0.95,4.9
2023-02-02,688375,65.17,65.65,66.64,64.66,13915,139099280.0,3.04,0.81,0.53,4.34
2023-02-03,688375,65.83,67.47,68.01,65.15,12935,131350449.0,4.36,2.77,1.82,4.03
2023-02-06,688375,67.51,66.72,68.33,66.59,6090,62241060.0,2.58,-1.11,-0.75,1.9
2023-02-07,688375,67.48,67.66,68.09,66.46,5943,60649688.0,2.44,1.41,0.94,1.85
2023-02-08,688375,68.13,65.84,68.13,65.78,6023,60785187.0,3.47,-2.69,-1.82,1.88
2023-02-09,688375,65.85,68.04,68.06,65.11,7435,76001501.0,4.48,3.34,2.2,2.32
2023-02-10,688375,67.36,67.75,68.8,67.05,6563,67436386.0,2.57,-0.43,-0.29,2.04
2023-02-13,688375,67.38,67.23,68.6,66.53,7078,72331718.0,3.06,-0.77,-0.52,2.21
2023-02-14,688375,67.27,65.51,67.93,65.5,7081,71010382.0,3.61,-2.56,-1.72,2.21
2023-02-15,688375,65.85,64.89,65.91,63.89,12256,120334559.0,3.08,-0.95,-0.62,3.82
2023-02-16,688375,64.46,63.06,64.81,62.74,8913,86349845.0,3.19,-2.82,-1.83,2.78
2023-02-17,688375,63.07,62.55,63.23,61.36,10463,98885888.0,2.97,-0.81,-0.51,3.26
2023-02-20,688375,62.76,62.8,62.8,61.3,6316,59787572.0,2.4,0.4,0.25,1.97
2023-02-21,688375,63.13,63.97,64.17,62.76,7054,68290885.0,2.25,1.86,1.17,2.2
2023-02-22,688375,63.09,65.99,67.01,63.09,17152,170742786.0,6.13,3.16,2.02,5.34
2023-02-23,688375,65.97,65.08,66.97,64.23,15272,152179420.0,4.15,-1.38,-0.91,4.76
2023-02-24,688375,65.07,65.78,66.7,64.9,13152,131482905.0,2.77,1.08,0.7,4.1
2023-02-27,688375,66.64,64.4,68.01,64.31,14691,147301257.0,5.62,-2.1,-1.38,4.58
2023-02-28,688375,64.72,63.84,65.56,63.44,6540,63581958.0,3.29,-0.87,-0.56,2.04
2023-03-01,688375,64.44,65.13,65.54,63.44,8415,82300846.0,3.29,2.02,1.29,2.62
2023-03-02,688375,65.13,66.46,67.52,64.58,11795,119368325.0,4.51,2.04,1.33,3.68
2023-03-03,688375,66.01,66.75,67.49,65.75,10351,105165386.0,2.62,0.44,0.29,3.23
2023-03-06,688375,66.46,68.04,68.74,66.46,16632,171328076.0,3.42,1.93,1.29,5.18
2023-03-07,688375,67.89,64.91,69.17,64.48,15756,159846685.0,6.89,-4.6,-3.13,4.91
2023-03-08,688375,64.31,66.96,67.66,64.13,17066,172926410.0,5.44,3.16,2.05,5.32
2023-03-09,688375,66.65,65.92,67.21,65.35,13130,131536772.0,2.78,-1.55,-1.04,4.09
2023-03-10,688375,65.51,62.56,66.39,62.56,22657,222258388.0,5.81,-5.1,-3.36,7.06
2023-03-13,688375,63.15,63.64,64.42,62.69,14611,140920284.0,2.77,1.73,1.08,4.55
2023-03-14,688375,63.64,64.14,64.5,62.97,13319,129311235.0,2.4,0.79,0.5,4.15
2023-03-15,688375,64.38,63.16,64.55,62.87,13302,128694511.0,2.62,-1.53,-0.98,4.14
2023-03-16,688375,62.48,59.08,63.1,57.58,37791,342345966.0,8.74,-6.46,-4.08,11.78
2023-03-17,688375,58.94,59.29,59.57,57.66,20554,183107709.0,3.23,0.36,0.21,6.4
2023-03-20,688375,59.07,59.52,60.63,57.78,13270,120224292.0,4.81,0.39,0.23,4.13
2023-03-21,688375,59.74,60.98,61.11,59.68,13787,127007589.0,2.4,2.45,1.46,4.3
2023-03-22,688375,60.61,60.76,62.09,60.39,10543,98047808.0,2.79,-0.36,-0.22,3.29
2023-03-23,688375,59.85,62.43,62.74,59.85,18961,177134956.0,4.76,2.75,1.67,5.91
2023-03-24,688375,62.15,61.87,63.23,61.42,11616,109977371.0,2.9,-0.9,-0.56,3.62
2023-03-27,688375,61.68,60.64,63.14,59.97,13719,127705508.0,5.12,-1.99,-1.23,4.27
2023-03-28,688375,60.64,58.99,60.64,58.74,9228,83596986.0,3.13,-2.72,-1.65,2.88
2023-03-29,688375,59.07,57.39,59.35,57.31,20979,185894806.0,3.46,-2.71,-1.6,6.54
2023-03-30,688375,57.08,57.66,58.6,57.07,11834,104153871.0,2.67,0.47,0.27,3.69
2023-03-31,688375,57.68,57.46,58.06,56.89,9611,84103579.0,2.03,-0.35,-0.2,2.99
2023-04-03,688375,57.66,58.36,58.59,57.27,14077,124375086.0,2.3,1.57,0.9,4.39
2023-04-04,688375,58.42,56.78,58.6,56.52,18630,163141382.0,3.56,-2.71,-1.58,5.8
2023-04-06,688375,56.12,57.99,58.55,55.38,20087,175834275.0,5.58,2.13,1.21,6.26
2023-04-07,688375,57.72,58.4,59.24,57.26,14125,125713449.0,3.41,0.71,0.41,4.4
2023-04-10,688375,58.42,57.6,59.04,57.48,11088,98000069.0,2.67,-1.37,-0.8,3.45
2023-04-11,688375,57.6,58.01,58.54,57.11,8264,72776218.0,2.48,0.71,0.41,2.58
2023-04-12,688375,57.7,58.6,59.01,57.19,11674,103773990.0,3.14,1.02,0.59,3.64
2023-04-13,688375,59.36,58.27,59.44,57.52,13111,116127814.0,3.28,-0.56,-0.33,4.09
2023-04-14,688375,58.3,59.33,59.68,57.72,16142,144655015.0,3.36,1.82,1.06,5.03
2023-04-17,688375,59.68,59.19,60.35,59.02,13264,120450114.0,2.24,-0.24,-0.14,4.13
2023-04-18,688375,58.94,58.29,59.07,57.93,8701,77359871.0,1.93,-1.52,-0.9,2.71
2023-04-19,688375,58.31,58.38,58.77,57.4,10900,96389365.0,2.35,0.15,0.09,3.4
2023-04-20,688375,59.31,58.2,59.95,57.99,14455,130111987.0,3.36,-0.31,-0.18,4.5
2023-04-21,688375,57.73,57.58,60.01,57.46,18775,168459325.0,4.38,-1.07,-0.62,5.85
2023-04-24,688375,57.5,55.71,57.56,55.5,15709,133877671.0,3.58,-3.25,-1.87,4.89
2023-04-25,688375,56.13,53.7,56.25,53.5,10918,90580537.0,4.94,-3.61,-2.01,3.4
2023-04-26,688375,53.7,54.65,55.23,53.5,8226,68720524.0,3.22,1.77,0.95,2.56
2023-04-27,688375,54.51,54.38,55.37,53.72,7457,61799983.0,3.02,-0.49,-0.27,2.32
2023-04-28,688375,54.04,55.0,55.7,53.73,8405,70588219.0,3.62,1.14,0.62,2.62
2023-05-04,688375,54.24,54.89,55.56,54.21,7016,58768601.0,2.45,-0.2,-0.11,2.19
2023-05-05,688375,55.37,54.12,55.37,53.78,4901,40653313.0,2.9,-1.4,-0.77,1.53
2023-05-08,688375,54.12,54.5,54.71,54.11,3886,32265416.0,1.11,0.7,0.38,1.21
2023-05-09,688375,54.44,52.82,54.76,52.82,7198,58981067.0,3.56,-3.08,-1.68,2.24
2023-05-10,688375,53.23,51.7,53.23,51.54,6895,54869533.0,3.2,-2.12,-1.12,2.15
2023-05-11,688375,51.69,52.56,53.21,51.5,6237,50044548.0,3.31,1.66,0.86,1.94
2023-05-12,688375,52.3,50.33,53.06,50.01,8390,65435272.0,5.8,-4.24,-2.23,2.61
2023-05-15,688375,50.36,51.42,51.44,49.68,6568,51155050.0,3.5,2.17,1.09,2.05
2023-05-16,688375,51.14,51.0,52.05,50.68,5018,39370729.0,2.66,-0.82,-0.42,1.56
2023-05-17,688375,51.62,53.04,53.1,50.45,8476,67972135.0,5.2,4.0,2.04,2.64
2023-05-18,688375,52.86,53.3,53.54,52.5,4435,36015982.0,1.96,0.49,0.26,1.38
2023-05-19,688375,53.17,53.61,53.89,52.74,3936,32152846.0,2.16,0.58,0.31,1.23
2023-05-22,688375,53.64,52.97,54.11,52.72,3255,26393508.0,2.59,-1.19,-0.64,1.01
2023-05-23,688375,52.51,52.23,53.03,52.15,3237,25965920.0,1.66,-1.4,-0.74,1.01
2023-05-24,688375,52.23,52.62,53.44,51.99,3632,29279727.0,2.78,0.75,0.39,1.13
2023-05-25,688375,52.38,52.43,52.8,51.8,3795,30221938.0,1.9,-0.36,-0.19,1.18
2023-05-26,688375,52.76,52.95,53.18,51.91,3759,30254176.0,2.42,0.99,0.52,1.17
2023-05-29,688375,52.25,51.78,53.16,51.22,5453,43319662.0,3.66,-2.21,-1.17,1.7
2023-05-30,688375,51.78,51.36,51.96,50.78,5332,41700668.0,2.28,-0.81,-0.42,1.66
2023-05-31,688375,51.03,51.31,51.96,50.93,3619,28497064.0,2.01,-0.1,-0.05,1.13
2023-06-01,688375,51.31,51.37,51.87,50.36,3719,29168846.0,2.94,0.12,0.06,1.16
2023-06-02,688375,51.59,51.48,52.24,50.89,4166,32763058.0,2.63,0.21,0.11,1.3
2023-06-05,688375,51.69,51.89,52.35,51.15,4548,35973595.0,2.33,0.8,0.41,1.42
2023-06-06,688375,52.09,50.06,52.15,50.01,7093,55211128.0,4.12,-3.53,-1.83,2.21
2023-06-07,688375,50.08,49.36,50.36,49.34,4896,37175822.0,2.04,-1.4,-0.7,1.53
2023-06-08,688375,49.33,47.36,49.61,46.52,15700,114495682.0,6.26,-4.05,-2.0,4.89
2023-06-09,688375,47.36,47.21,47.76,46.51,5113,36847654.0,2.64,-0.32,-0.15,1.59
2023-06-12,688375,47.18,47.05,47.65,46.66,4850,34968945.0,2.1,-0.34,-0.16,1.51
2023-06-13,688375,46.82,47.29,47.52,46.82,3640,26328153.0,1.49,0.51,0.24,1.13
2023-06-14,688375,47.33,47.83,48.01,47.03,5168,37637043.0,2.07,1.14,0.54,1.61
2023-06-15,688375,47.8,47.98,48.25,47.37,4542,33411112.0,1.84,0.31,0.15,1.42
2023-06-16,688375,48.0,51.49,52.13,48.0,16506,126929710.0,8.61,7.32,3.51,5.14
2023-06-19,688375,50.89,51.58,51.95,50.47,8276,64983553.0,2.87,0.17,0.09,2.58
2023-06-20,688375,51.61,51.82,52.23,50.42,10911,85442968.0,3.51,0.47,0.24,3.4
2023-06-21,688375,52.61,50.69,52.61,50.58,5728,44942777.0,3.92,-2.18,-1.13,1.78
2023-06-26,688375,50.15,49.88,51.02,49.24,5578,42588887.0,3.51,-1.6,-0.81,1.74
2023-06-27,688375,49.88,50.86,51.21,49.6,6330,48596486.0,3.23,1.96,0.98,1.97
2023-06-28,688375,50.78,49.69,50.89,49.24,4177,31789302.0,3.24,-2.3,-1.17,1.3
2023-06-29,688375,49.75,51.38,52.7,49.34,7787,61002332.0,6.76,3.4,1.69,2.43
2023-06-30,688375,51.68,51.82,52.53,51.03,7046,55971182.0,2.92,0.86,0.44,2.19
2023-07-03,688375,51.95,51.49,53.36,51.19,6374,50557309.0,4.19,-0.64,-0.33,1.98
2023-07-04,688375,51.49,54.31,54.91,51.49,13117,108199922.0,6.64,5.48,2.82,4.07
2023-07-05,688375,54.08,54.23,56.29,53.78,13480,113570124.0,4.62,-0.15,-0.08,4.18
2023-07-06,688375,54.17,53.82,54.97,53.5,6682,55223382.0,2.71,-0.76,-0.41,2.07
2023-07-07,688375,53.84,52.56,53.85,52.44,5039,40793047.0,2.62,-2.34,-1.26,1.56
2023-07-10,688375,53.19,53.85,54.08,52.42,5236,42818875.0,3.16,2.45,1.29,1.62
2023-07-11,688375,53.46,53.99,55.31,53.46,7891,65580932.0,3.44,0.26,0.14,2.45
2023-07-12,688375,53.7,52.07,54.01,52.07,7357,59261041.0,3.59,-3.56,-1.92,2.28
2023-07-13,688375,52.03,51.46,52.36,51.27,8354,66008373.0,2.09,-1.17,-0.61,2.59
2023-07-14,688375,51.63,50.9,51.69,50.55,5901,45912728.0,2.22,-1.09,-0.56,1.83
2023-07-17,688375,50.9,50.09,50.91,49.79,4814,36882533.0,2.2,-1.59,-0.81,1.49
2023-07-18,688375,50.39,50.1,50.67,50.01,3524,27153342.0,1.32,0.02,0.01,1.09
2023-07-19,688375,49.74,48.38,50.55,48.27,6399,48051984.0,4.55,-3.43,-1.72,1.99
2023-07-20,688375,48.74,48.4,48.93,48.13,4295,31945456.0,1.65,0.04,0.02,1.33
2023-07-21,688375,47.76,47.74,48.93,47.65,3442,25424483.0,2.64,-1.36,-0.66,1.07
2023-07-24,688375,47.87,49.23,49.85,47.87,5447,40983764.0,4.15,3.12,1.49,0.32
2023-07-25,688375,49.23,49.79,50.19,48.93,5158,39154386.0,2.56,1.14,0.56,0.31
2023-07-26,688375,49.71,49.89,50.08,49.34,2672,20344434.0,1.49,0.2,0.1,0.16
2023-07-27,688375,50.05,49.68,50.05,48.74,4198,31727498.0,2.63,-0.42,-0.21,0.25
2023-07-28,688375,49.45,51.49,51.62,48.97,7175,55675895.0,5.33,3.64,1.81,0.43
2023-07-31,688375,51.59,51.76,51.9,50.9,4689,36964295.0,1.94,0.52,0.27,0.28
2023-08-01,688375,51.56,51.54,51.96,50.94,5118,40267967.0,1.97,-0.43,-0.22,0.3
2023-08-02,688375,50.86,52.06,52.21,50.76,3856,30555521.0,2.81,1.01,0.52,0.23
2023-08-03,688375,52.06,52.11,52.75,51.72,3894,31045728.0,1.98,0.1,0.05,0.23
2023-08-04,688375,52.11,51.68,52.7,51.47,3644,28866274.0,2.36,-0.83,-0.43,0.22
2023-08-07,688375,51.54,51.15,52.38,50.89,4358,34171165.0,2.88,-1.03,-0.53,0.26
2023-08-08,688375,50.87,50.76,51.42,50.52,3055,23786464.0,1.76,-0.76,-0.39,0.18
2023-08-09,688375,50.51,51.02,51.61,50.49,2408,18857702.0,2.21,0.51,0.26,0.14
2023-08-10,688375,51.49,51.33,52.28,51.02,3256,25596985.0,2.47,0.61,0.31,0.19
2023-08-11,688375,51.62,50.95,51.94,50.76,3496,27450233.0,2.3,-0.74,-0.38,0.21
2023-08-14,688375,51.2,50.68,51.36,49.95,4482,34513796.0,2.77,-0.53,-0.27,0.27
2023-08-15,688375,50.95,50.79,50.95,49.95,3164,24398469.0,1.97,0.22,0.11,0.19
2023-08-16,688375,50.18,51.07,51.52,50.18,3906,30568660.0,2.64,0.55,0.28,0.23
2023-08-17,688375,50.8,53.03,53.48,50.73,11617,93686731.0,5.38,3.84,1.96,0.69
2023-08-18,688375,53.02,52.2,53.86,52.08,7953,64449737.0,3.36,-1.57,-0.83,0.47
2023-08-21,688375,51.89,52.05,52.69,51.71,4929,39338594.0,1.88,-0.29,-0.15,0.29
2023-08-22,688375,52.15,52.82,52.86,51.07,5839,46588764.0,3.44,1.48,0.77,0.35
2023-08-23,688375,52.7,50.74,52.82,50.68,5360,42247073.0,4.05,-3.94,-2.08,0.32
2023-08-24,688375,50.97,52.31,52.95,50.56,6692,53184285.0,4.71,3.09,1.57,0.4
2023-08-25,688375,51.7,51.22,52.48,51.02,4790,37854612.0,2.79,-2.08,-1.09,0.28
2023-08-28,688375,55.72,52.38,56.16,51.67,8647,69455161.0,8.77,2.26,1.16,0.51
2023-08-29,688375,52.91,54.53,54.76,51.99,9958,81995823.0,5.29,4.1,2.15,0.59
2023-08-30,688375,54.91,57.07,57.19,54.78,24074,206943455.0,4.42,4.66,2.54,1.43
2023-08-31,688375,56.3,55.62,57.23,55.15,12671,108063656.0,3.64,-2.54,-1.45,0.75
2023-09-01,688375,55.18,56.69,56.98,55.18,8725,74976845.0,3.24,1.92,1.07,0.52
2023-09-04,688375,57.06,58.26,58.36,57.05,15706,138408692.0,2.31,2.77,1.57,0.93
2023-09-05,688375,57.87,58.1,58.4,56.79,11104,97851262.0,2.76,-0.27,-0.16,0.66
2023-09-06,688375,57.31,57.11,57.8,56.98,7610,66491709.0,1.41,-1.7,-0.99,0.45
2023-09-07,688375,57.73,56.0,57.73,55.92,6271,54215058.0,3.17,-1.94,-1.11,0.37
2023-09-08,688375,55.58,58.07,58.75,55.58,11376,99420798.0,5.66,3.7,2.07,0.68
2023-09-11,688375,57.75,57.03,58.48,56.41,9599,83785372.0,3.56,-1.79,-1.04,0.57
2023-09-12,688375,56.6,56.03,57.29,55.98,6905,59516281.0,2.3,-1.75,-1.0,0.41
2023-09-13,688375,56.14,55.25,56.15,54.38,7397,62093578.0,3.16,-1.39,-0.78,0.44
2023-09-14,688375,55.17,55.5,55.69,54.88,4274,36112722.0,1.47,0.45,0.25,0.25
2023-09-15,688375,55.5,54.54,55.68,54.27,5659,47375989.0,2.54,-1.73,-0.96,0.34
2023-09-18,688375,54.26,53.64,54.46,53.46,5152,42349958.0,1.83,-1.65,-0.9,0.31
2023-09-19,688375,53.75,53.66,54.22,52.77,4142,33798449.0,2.7,0.04,0.02,0.25
2023-09-20,688375,53.36,53.59,54.1,52.68,3890,31744601.0,2.65,-0.13,-0.07,0.23
2023-09-21,688375,53.85,52.78,54.02,52.72,4715,38278815.0,2.43,-1.51,-0.81,0.28
2023-09-22,688375,52.69,54.39,54.97,51.71,8496,69016862.0,6.18,3.05,1.61,0.51
2023-09-25,688375,54.04,53.72,54.24,52.87,4815,39325181.0,2.52,-1.23,-0.67,0.29
2023-09-26,688375,53.72,53.37,53.93,53.19,2495,20349696.0,1.38,-0.65,-0.35,0.15
2023-09-27,688375,55.05,56.03,57.72,55.03,12424,106339324.0,5.04,4.98,2.66,0.74
2023-09-28,688375,55.69,55.18,55.78,54.46,10237,86139833.0,2.36,-1.52,-0.85,0.61
2023-10-09,688375,55.19,55.17,56.72,54.78,7395,62833260.0,3.52,-0.02,-0.01,0.44
2023-10-10,688375,55.05,55.71,57.19,54.97,8374,71760844.0,4.02,0.98,0.54,0.5
2023-10-11,688375,55.64,55.19,56.64,55.05,8019,68066829.0,2.85,-0.93,-0.52,0.48
2023-10-12,688375,55.45,54.65,56.11,54.45,5541,46522588.0,3.01,-0.98,-0.54,0.33
2023-10-13,688375,54.75,54.37,54.75,53.75,3926,32257107.0,1.83,-0.51,-0.28,0.23
2023-10-16,688375,54.56,52.45,54.56,52.29,6836,54949024.0,4.18,-3.53,-1.92,0.41
2023-10-17,688375,52.44,53.99,54.35,51.79,6460,52258905.0,4.88,2.94,1.54,0.38
2023-10-18,688375,53.99,52.78,54.23,52.5,3406,27343491.0,3.2,-2.24,-1.21,0.2
2023-10-19,688375,53.12,53.16,54.73,52.37,6110,49827218.0,4.47,0.72,0.38,0.36
2023-10-20,688375,52.79,51.17,53.41,50.84,6815,53364948.0,4.83,-3.74,-1.99,0.41
2023-10-23,688375,50.14,50.56,51.77,49.61,8909,68969372.0,4.22,-1.19,-0.61,0.53
2023-10-24,688375,51.41,51.16,51.43,49.96,7039,54162986.0,2.91,1.19,0.6,0.42
2023-10-25,688375,51.29,50.71,52.24,50.1,6400,49638555.0,4.18,-0.88,-0.45,0.38
2023-10-26,688375,50.2,51.64,51.77,49.55,5773,44410828.0,4.38,1.83,0.93,0.34
2023-10-27,688375,52.11,52.51,52.68,51.26,5251,41440015.0,2.75,1.68,0.87,0.31
2023-10-30,688375,52.7,53.9,54.29,52.12,6807,55108256.0,4.13,2.65,1.39,0.4
2023-10-31,688375,53.99,55.26,56.14,53.79,11400,95137078.0,4.36,2.52,1.36,0.68
2023-11-01,688375,54.9,54.4,55.47,53.67,5783,47623458.0,3.26,-1.56,-0.86,0.34
2023-11-02,688375,54.62,53.59,54.77,53.59,3289,26933495.0,2.17,-1.49,-0.81,0.2
2023-11-03,688375,54.04,54.66,55.87,53.45,8362,69570609.0,4.52,2.0,1.07,0.5
2023-11-06,688375,55.0,55.77,55.94,54.68,7318,61499655.0,2.31,2.03,1.11,0.44
2023-11-07,688375,55.3,55.65,55.94,55.14,6486,54627899.0,1.43,-0.22,-0.12,0.39
2023-11-08,688375,55.73,55.18,55.9,54.51,7004,58587077.0,2.5,-0.84,-0.47,0.42
2023-11-09,688375,54.8,55.04,55.73,54.8,5631,47107923.0,1.69,-0.25,-0.14,0.33
2023-11-10,688375,55.46,55.35,55.64,54.51,5213,43681979.0,2.05,0.56,0.31,0.31
2023-11-13,688375,55.32,57.13,57.86,54.99,11028,94479642.0,5.19,3.22,1.78,0.66
2023-11-14,688375,57.14,57.59,58.42,56.81,8718,76053184.0,2.82,0.81,0.46,0.52
2023-11-15,688375,57.61,56.3,58.47,56.04,8533,72996161.0,4.22,-2.24,-1.29,0.51
2023-11-16,688375,56.3,55.36,56.81,55.24,4725,39876131.0,2.79,-1.67,-0.94,0.28
2023-11-17,688375,55.33,56.0,56.32,55.05,6699,56652602.0,2.29,1.16,0.64,0.4
2023-11-20,688375,56.14,57.85,58.59,55.87,14664,127679003.0,4.86,3.3,1.85,0.87
2023-11-21,688375,57.85,59.16,59.55,57.08,19657,175247523.0,4.27,2.26,1.31,1.17
2023-11-22,688375,59.01,57.48,59.51,56.81,16147,142640309.0,4.56,-2.84,-1.68,0.96
2023-11-23,688375,57.9,57.45,57.91,56.2,7450,64117383.0,2.97,-0.05,-0.03,0.44
2023-11-24,688375,57.8,56.71,57.8,56.47,5951,51372035.0,2.32,-1.29,-0.74,0.35
2023-11-27,688375,57.49,56.74,57.72,56.37,9547,82324334.0,2.38,0.05,0.03,0.57
2023-11-28,688375,56.67,57.13,57.72,56.14,7675,66333859.0,2.78,0.69,0.39,0.46
2023-11-29,688375,56.81,56.7,57.92,56.41,11395,98575337.0,2.64,-0.75,-0.43,0.68
2023-11-30,688375,56.67,55.04,57.32,54.0,13439,112084763.0,5.86,-2.93,-1.66,0.8
2023-12-01,688375,55.06,55.37,55.78,54.12,11098,92519441.0,3.02,0.6,0.33,0.66
2023-12-04,688375,55.47,55.4,57.08,54.73,11546,97884771.0,4.24,0.05,0.03,0.69
2023-12-05,688375,56.1,53.37,56.1,53.37,11922,97814034.0,4.93,-3.66,-2.03,0.71
2023-12-06,688375,53.45,53.61,54.22,52.65,10381,84067029.0,2.94,0.45,0.24,0.62
2023-12-07,688375,53.3,53.54,54.46,52.94,10064,81698486.0,2.84,-0.13,-0.07,0.6
2023-12-08,688375,53.46,53.72,54.41,52.92,21356,173549552.0,2.78,0.34,0.18,1.27
2023-12-11,688375,53.77,54.49,55.22,53.05,13028,107009001.0,4.04,1.43,0.77,0.77
2023-12-12,688375,54.49,54.96,56.44,54.41,13066,109531124.0,3.73,0.86,0.47,0.78
2023-12-13,688375,53.84,54.43,55.73,53.84,7468,61881280.0,3.44,-0.96,-0.53,0.44
2023-12-14,688375,54.9,54.59,55.07,54.21,5153,42659065.0,1.58,0.29,0.16,0.31
2023-12-15,688375,54.59,53.93,55.37,53.58,4972,40638507.0,3.28,-1.21,-0.66,0.3
2023-12-18,688375,54.04,53.06,54.04,52.75,4521,36362118.0,2.39,-1.61,-0.87,0.27
2023-12-19,688375,52.6,53.69,53.71,52.6,5409,43722345.0,2.09,1.19,0.63,0.32
2023-12-20,688375,54.04,52.94,54.04,52.75,3810,30676477.0,2.4,-1.4,-0.75,0.23
2023-12-21,688375,52.95,54.39,54.46,52.26,6090,49479758.0,4.16,2.74,1.45,0.36
2023-12-22,688375,54.39,53.9,54.71,53.24,4896,39929298.0,2.7,-0.9,-0.49,0.29
2023-12-25,688375,54.02,53.46,55.08,53.22,5150,42248731.0,3.45,-0.82,-0.44,0.31
2023-12-26,688375,53.08,51.59,53.78,51.44,4995,39538028.0,4.38,-3.5,-1.87,0.3
2023-12-27,688375,51.48,52.1,52.66,51.12,3747,29537915.0,2.99,0.99,0.51,0.22
2023-12-28,688375,52.37,52.45,52.9,51.44,5307,42108907.0,2.8,0.67,0.35,0.3
2023-12-29,688375,52.5,52.47,53.24,52.29,4551,36396708.0,1.81,0.04,0.02,0.26
2024-01-02,688375,52.64,53.44,54.11,52.28,7479,60573071.0,3.49,1.85,0.97,0.42
2024-01-03,688375,53.45,52.45,53.45,52.33,4971,39715171.0,2.1,-1.85,-0.99,0.28
2024-01-04,688375,52.77,51.67,52.77,51.22,3700,29032537.0,2.96,-1.49,-0.78,0.21
2024-01-05,688375,51.44,50.77,51.72,50.12,5288,40638325.0,3.1,-1.74,-0.9,0.3
2024-01-08,688375,50.8,49.62,50.8,49.29,3682,27815302.0,2.97,-2.27,-1.15,0.21
2024-01-09,688375,49.62,47.74,50.08,47.41,6266,46094234.0,5.38,-3.79,-1.88,0.35
2024-01-10,688375,47.33,46.74,47.69,46.67,5967,42556623.0,2.14,-2.09,-1.0,0.34
2024-01-11,688375,46.61,47.28,47.71,43.97,18185,125612570.0,8.0,1.16,0.54,1.03
2024-01-12,688375,46.06,45.73,46.73,45.43,8886,62332989.0,2.75,-3.28,-1.55,0.5
2024-01-15,688375,45.62,47.39,47.61,45.3,9849,70144089.0,5.05,3.63,1.66,0.56
2024-01-16,688375,47.43,46.71,47.43,45.86,7122,50202953.0,3.31,-1.43,-0.68,0.4
2024-01-17,688375,46.22,44.91,46.88,44.91,5486,37997334.0,4.22,-3.85,-1.8,0.31
2024-01-18,688375,44.91,46.61,47.0,43.98,10492,72323514.0,6.72,3.79,1.7,0.59
2024-01-19,688375,46.53,45.37,46.71,45.37,5443,37946931.0,2.87,-2.66,-1.24,0.31
2024-01-22,688375,45.47,41.8,45.91,41.23,11232,73942165.0,10.32,-7.87,-3.57,0.63
2024-01-23,688375,41.57,42.15,42.98,41.37,9672,62076018.0,3.85,0.84,0.35,0.55
2024-01-24,688375,42.41,42.02,42.68,40.09,8419,52990638.0,6.14,-0.31,-0.13,0.48
2024-01-25,688375,41.61,44.12,44.3,41.51,11034,72944829.0,6.64,5.0,2.1,0.62
2024-01-26,688375,43.92,42.32,43.98,41.92,8244,53699011.0,4.67,-4.08,-1.8,0.47
2024-01-29,688375,42.37,41.4,43.67,41.4,7700,49591617.0,5.36,-2.17,-0.92,0.43
2024-01-30,688375,40.98,40.73,42.57,40.55,7774,49207075.0,4.88,-1.62,-0.67,0.44
2024-01-31,688375,40.16,39.28,41.06,39.06,9212,55711941.0,4.91,-3.56,-1.45,0.52
2024-02-01,688375,39.28,38.55,40.14,38.35,8661,51478510.0,4.56,-1.86,-0.73,0.49
2024-02-02,688375,38.55,36.32,38.86,35.04,17958,101335925.0,9.91,-5.78,-2.23,1.01
2024-02-05,688375,36.0,34.85,36.0,33.08,22221,116929766.0,8.04,-4.05,-1.47,1.25
2024-02-06,688375,33.98,36.37,36.46,33.23,13837,74114322.0,9.27,4.36,1.52,0.78
2024-02-07,688375,36.71,40.14,40.7,36.38,19740,118688803.0,11.88,10.37,3.77,1.11
2024-02-08,688375,40.3,42.58,45.05,40.3,16765,110304377.0,11.83,6.08,2.44,0.95
2024-02-19,688375,43.75,42.59,44.05,41.37,11748,75601840.0,6.29,0.02,0.01,0.66
2024-02-20,688375,41.97,42.61,42.71,40.71,11012,69911394.0,4.7,0.05,0.02,0.62
2024-02-21,688375,42.06,43.49,45.4,41.53,12597,83727094.0,9.08,2.07,0.88,0.71
2024-02-22,688375,44.06,44.51,45.22,43.46,8555,57504230.0,4.05,2.35,1.02,0.48
2024-02-23,688375,44.55,45.33,45.93,43.38,12754,86264059.0,5.73,1.84,0.82,0.72
2024-02-26,688375,45.26,45.49,46.61,44.78,8338,58054263.0,4.04,0.35,0.16,0.47
2024-02-27,688375,46.07,46.81,46.86,44.99,8787,61507812.0,4.11,2.9,1.32,0.5
2024-02-28,688375,46.95,45.36,48.42,45.2,12640,89561711.0,6.88,-3.1,-1.45,0.71
2024-02-29,688375,44.71,46.71,47.4,44.39,9618,67743230.0,6.64,2.98,1.35,0.54
2024-03-01,688375,46.71,48.04,48.05,46.53,8776,63307907.0,3.25,2.85,1.33,0.5
2024-03-04,688375,47.77,47.59,48.16,47.02,6661,48226714.0,2.37,-0.94,-0.45,0.38
2024-03-05,688375,47.37,46.61,47.77,46.37,7652,54608208.0,2.94,-2.06,-0.98,0.43
2024-03-06,688375,46.94,46.3,46.99,45.62,5760,40501962.0,2.94,-0.67,-0.31,0.33
2024-03-07,688375,46.69,45.3,46.93,45.16,7253,50656313.0,3.82,-2.16,-1.0,0.41
2024-03-08,688375,45.2,46.14,46.27,45.07,5315,37080938.0,2.65,1.85,0.84,0.3
2024-03-11,688375,46.18,46.01,46.27,45.45,7718,53805716.0,1.78,-0.28,-0.13,0.44
2024-03-12,688375,46.12,47.41,47.87,45.91,10981,78640917.0,4.26,3.04,1.4,0.62
2024-03-13,688375,47.68,47.37,48.02,46.81,8980,64486486.0,2.55,-0.08,-0.04,0.51
2024-03-14,688375,47.34,46.57,47.34,46.07,7321,51900463.0,2.68,-1.69,-0.8,0.41
2024-03-15,688375,46.85,47.72,47.72,46.03,15141,108488204.0,3.63,2.47,1.15,0.85
2024-03-18,688375,48.08,47.45,48.68,47.08,9632,69557653.0,3.35,-0.57,-0.27,0.54
2024-03-19,688375,47.37,47.43,48.62,47.18,8356,60531206.0,3.03,-0.04,-0.02,0.47
2024-03-20,688375,47.16,47.79,48.94,47.15,8369,60903319.0,3.77,0.76,0.36,0.47
2024-03-21,688375,47.83,47.35,48.06,46.66,6935,49905016.0,2.93,-0.92,-0.44,0.39
2024-03-22,688375,47.35,46.75,47.38,46.52,5369,38173675.0,1.82,-1.27,-0.6,0.3
2024-03-25,688375,46.42,44.83,46.73,44.51,10420,71846405.0,4.75,-4.11,-1.92,0.59
2024-03-26,688375,44.69,44.16,45.06,43.55,6448,43399983.0,3.37,-1.49,-0.67,0.36
2024-03-27,688375,43.92,42.82,43.93,42.71,5111,33544074.0,2.76,-3.03,-1.34,0.29
2024-03-28,688375,42.45,44.24,44.98,42.37,7355,49407763.0,6.1,3.32,1.42,0.42
2024-03-29,688375,44.11,45.4,45.6,44.11,6185,42358820.0,3.37,2.62,1.16,0.35
2024-04-01,688375,46.18,46.01,47.41,45.41,6098,42913643.0,4.41,1.34,0.61,0.34
2024-04-02,688375,46.02,45.45,46.72,44.79,3742,25761213.0,4.19,-1.22,-0.56,0.21
2024-04-03,688375,45.18,44.51,45.76,44.51,4170,28395029.0,2.75,-2.07,-0.94,0.24
2024-04-08,688375,44.16,43.2,44.28,43.17,4014,26671851.0,2.49,-2.94,-1.31,0.23
2024-04-09,688375,43.92,43.98,44.19,42.95,3449,22962205.0,2.87,1.81,0.78,0.19
2024-04-10,688375,44.08,43.24,44.11,43.12,3817,25204541.0,2.25,-1.68,-0.74,0.22
2024-04-11,688375,43.15,43.28,43.92,42.92,3146,20797805.0,2.31,0.09,0.04,0.18
2024-04-12,688375,43.37,43.34,43.86,42.97,3370,22235673.0,2.06,0.14,0.06,0.19
2024-04-15,688375,43.11,44.13,44.67,43.11,6152,41147421.0,3.6,1.82,0.79,0.35
2024-04-16,688375,43.73,42.51,44.29,42.42,6002,39422688.0,4.24,-3.67,-1.62,0.34
2024-04-17,688375,42.51,43.65,43.92,42.3,3861,25499539.0,3.81,2.68,1.14,0.22
2024-04-18,688375,44.07,44.16,44.96,43.11,4730,31889502.0,4.24,1.17,0.51,0.27
2024-04-19,688375,44.82,43.73,44.92,43.47,3641,24318841.0,3.28,-0.97,-0.43,0.21
2024-04-22,688375,44.34,46.54,47.39,43.52,12038,84215503.0,8.85,6.43,2.81,0.68
2024-04-23,688375,46.54,46.48,48.08,46.0,7726,54916851.0,4.47,-0.13,-0.06,0.44
2024-04-24,688375,45.84,47.01,47.13,45.64,8222,57909226.0,3.21,1.14,0.53,0.46
2024-04-25,688375,46.88,47.08,47.52,46.49,6555,46853372.0,2.19,0.15,0.07,0.37
2024-04-26,688375,44.83,47.62,48.0,44.83,7643,55201649.0,6.73,1.15,0.54,0.43
2024-04-29,688375,47.69,48.54,48.68,47.08,11046,80739074.0,3.36,1.93,0.92,0.62
2024-04-30,688375,48.55,48.32,48.94,48.22,7010,51661006.0,1.48,-0.45,-0.22,0.4
2024-05-06,688375,48.57,49.09,49.35,47.93,9496,70276880.0,2.94,1.59,0.77,0.54
2024-05-07,688375,48.84,50.3,50.77,48.24,8818,66899890.0,5.15,2.46,1.21,0.5
2024-05-08,688375,50.39,50.87,51.28,49.89,8508,65295860.0,2.76,1.13,0.57,0.48
2024-05-09,688375,50.49,51.71,51.84,50.26,10549,81987440.0,3.11,1.65,0.84,0.6
2024-05-10,688375,51.73,51.3,51.91,50.81,5865,45710702.0,2.13,-0.79,-0.41,0.33
2024-05-13,688375,50.88,50.49,51.9,49.92,8417,64655421.0,3.86,-1.58,-0.81,0.47
2024-05-14,688375,50.49,49.68,51.02,49.32,10040,75948870.0,3.37,-1.6,-0.81,0.57
2024-05-15,688375,49.43,49.13,50.1,48.88,5142,38550027.0,2.46,-1.11,-0.55,0.29
2024-05-16,688375,49.14,48.74,49.68,48.67,4598,34286889.0,2.06,-0.79,-0.39,0.26
2024-05-17,688375,49.55,49.78,49.78,48.71,4740,35541360.0,2.2,2.13,1.04,0.27
2024-05-20,688375,49.78,49.21,50.55,49.02,7420,55905392.0,3.07,-1.15,-0.57,0.42
2024-05-21,688375,49.21,48.81,49.73,48.71,4828,35989708.0,2.07,-0.81,-0.4,0.27
2024-05-22,688375,48.75,49.12,49.28,48.37,3570,26479643.0,1.86,0.64,0.31,0.2
2024-05-23,688375,48.57,48.43,49.11,48.24,4011,29547602.0,1.77,-1.4,-0.69,0.23
2024-05-24,688375,47.93,47.75,48.65,47.59,3544,25878574.0,2.19,-1.4,-0.68,0.2
2024-05-27,688375,47.49,46.63,47.88,46.15,7616,54220664.0,3.62,-2.35,-1.12,0.43
2024-05-28,688375,46.88,46.01,46.88,44.22,10444,72211571.0,5.7,-1.33,-0.62,0.59
2024-05-29,688375,46.2,46.26,46.83,45.73,4438,31282387.0,2.39,0.54,0.25,0.25
2024-05-30,688375,46.08,47.16,47.75,45.67,5450,38879625.0,4.5,1.95,0.9,0.31
2024-05-31,688375,46.92,48.42,48.81,46.92,6818,49850475.0,4.01,2.67,1.26,0.38
2024-06-03,688375,48.82,48.63,50.03,47.92,9568,71287849.0,4.36,0.43,0.21,0.54
2024-06-04,688375,48.53,49.48,49.63,47.9,8448,62565702.0,3.56,1.75,0.85,0.48
2024-06-05,688375,49.23,49.54,50.5,49.09,7181,54478686.0,2.85,0.12,0.06,0.41
2024-06-06,688375,49.43,48.81,50.08,48.71,4779,35738264.0,2.77,-1.47,-0.73,0.27
2024-06-07,688375,49.06,48.35,49.28,47.75,4927,36228845.0,3.13,-0.94,-0.46,0.28
2024-06-11,688375,47.86,49.36,49.42,47.46,7323,54233604.0,4.05,2.09,1.01,0.41
2024-06-12,688375,49.29,50.1,50.83,49.08,10300,78236006.0,3.55,1.5,0.74,0.58
2024-06-13,688375,50.1,51.12,51.46,49.5,13390,103437998.0,3.91,2.04,1.02,0.76
2024-06-14,688375,51.1,47.53,51.23,47.51,24730,183413493.0,7.28,-7.02,-3.59,1.4
2024-06-17,688375,47.41,48.35,48.88,46.61,11347,82904326.0,4.78,1.73,0.82,0.64
2024-06-18,688375,48.42,48.26,48.61,47.69,7627,55911406.0,1.9,-0.19,-0.09,0.43
2024-06-19,688375,48.09,47.67,48.73,47.67,5780,42272773.0,2.2,-1.22,-0.59,0.33
2024-06-20,688375,47.53,47.15,48.3,47.13,6150,44425809.0,2.45,-1.09,-0.52,0.35
2024-06-21,688375,46.99,47.45,47.55,46.27,5459,39032022.0,2.71,0.64,0.3,0.31
2024-06-24,688375,47.35,45.53,47.75,45.53,6867,48488617.0,4.68,-4.05,-1.92,0.39
2024-06-25,688375,45.45,45.57,46.27,44.45,9381,64691077.0,4.0,0.09,0.04,0.53
2024-06-26,688375,45.78,46.36,46.43,45.13,5915,41134626.0,2.85,1.73,0.79,0.33
2024-06-27,688375,46.08,45.52,46.48,44.9,5615,38955768.0,3.41,-1.81,-0.84,0.32
2024-06-28,688375,45.47,46.5,47.8,45.17,8572,60866880.0,5.78,2.15,0.98,0.48
2024-07-01,688375,47.07,45.4,47.08,45.14,5408,37612119.0,4.17,-2.37,-1.1,0.31
2024-07-02,688375,45.09,44.48,46.2,44.09,9184,41923148.0,4.65,-2.03,-0.92,0.35
2024-07-03,688375,44.95,43.07,44.95,42.65,10729,47217128.0,5.17,-3.17,-1.41,0.41
2024-07-04,688375,43.09,42.27,43.31,42.23,6323,27596840.0,2.51,-1.86,-0.8,0.24
2024-07-05,688375,42.14,42.24,42.54,41.69,6453,27699664.0,2.01,-0.07,-0.03,0.24
2024-07-08,688375,43.1,41.08,43.21,40.74,7776,32993450.0,5.85,-2.75,-1.16,0.29
2024-07-09,688375,40.65,42.5,42.75,40.65,10473,44672931.0,5.11,3.46,1.42,0.4
2024-07-10,688375,42.3,42.31,42.8,41.9,4753,20594411.0,2.12,-0.45,-0.19,0.18
2024-07-11,688375,43.0,42.57,43.23,42.29,6721,29251487.0,2.22,0.61,0.26,0.25
2024-07-12,688375,42.72,41.94,42.83,41.17,5365,23090211.0,3.9,-1.48,-0.63,0.2
2024-07-15,688375,41.59,41.32,42.32,40.99,4806,20420439.0,3.17,-1.48,-0.62,0.18
2024-07-16,688375,41.04,41.2,41.64,40.89,5989,25234994.0,1.82,-0.29,-0.12,0.23
2024-07-17,688375,41.25,39.31,41.25,39.29,9390,38386679.0,4.76,-4.59,-1.89,0.36
2024-07-18,688375,39.22,40.31,40.56,38.82,10498,42734977.0,4.43,2.54,1.0,0.4
2024-07-19,688375,40.31,41.91,42.19,40.12,10988,46483530.0,5.14,3.97,1.6,0.42
2024-07-22,688375,41.88,42.68,43.1,41.81,9853,42712151.0,3.08,1.84,0.77,0.37
2024-07-23,688375,42.85,41.18,42.99,40.99,9592,40707858.0,4.69,-3.51,-1.5,0.36
2024-07-24,688375,40.89,40.39,41.15,40.2,7000,29031754.0,2.31,-1.92,-0.79,0.26
2024-07-25,688375,39.97,39.83,40.59,39.61,6654,27169495.0,2.43,-1.39,-0.56,0.25
2024-07-26,688375,39.64,41.18,41.47,39.64,8171,34042334.0,4.59,3.39,1.35,0.31
2024-07-29,688375,41.11,41.06,41.89,40.85,8842,37306978.0,2.53,-0.29,-0.12,0.33
2024-07-30,688375,41.49,40.84,41.69,40.22,9097,38025390.0,3.58,-0.54,-0.22,0.34
2024-07-31,688375,40.59,42.73,42.77,40.53,12759,54344131.0,5.48,4.63,1.89,0.48
2024-08-01,688375,42.87,43.26,43.65,42.55,14388,63519571.0,2.57,1.24,0.53,0.54
2024-08-02,688375,42.89,42.19,43.86,42.01,12666,55435280.0,4.28,-2.47,-1.07,0.48
2024-08-05,688375,41.63,40.63,42.49,40.6,12081,51060327.0,4.48,-3.7,-1.56,0.46
2024-08-06,688375,40.88,42.04,42.48,40.7,14006,59843040.0,4.38,3.47,1.41,0.53
2024-08-07,688375,42.04,42.43,43.52,41.72,13043,56825303.0,4.28,0.93,0.39,0.49
2024-08-08,688375,42.39,41.62,42.39,40.69,13398,56861187.0,4.01,-1.91,-0.81,0.5
2024-08-09,688375,41.97,40.74,41.99,40.73,6786,28533044.0,3.03,-2.11,-0.88,0.26
2024-08-12,688375,40.59,41.08,41.45,40.17,7199,30213251.0,3.14,0.83,0.34,0.27
2024-08-13,688375,41.16,41.41,41.64,40.67,5361,22603410.0,2.36,0.8,0.33,0.2
2024-08-14,688375,41.25,40.57,41.37,40.57,4169,17395830.0,1.93,-2.03,-0.84,0.16
2024-08-15,688375,40.62,40.0,41.34,39.68,10169,41962667.0,4.09,-1.4,-0.57,0.38
2024-08-16,688375,40.09,38.85,40.39,38.6,9690,39045067.0,4.48,-2.88,-1.15,0.37
2024-08-19,688375,38.88,38.16,39.29,37.91,8833,34714380.0,3.55,-1.78,-0.69,0.33
2024-08-20,688375,38.47,38.06,38.59,37.64,7967,31120748.0,2.49,-0.26,-0.1,0.3
2024-08-21,688375,37.74,37.9,38.88,37.67,5517,21694325.0,3.18,-0.42,-0.16,0.21
2024-08-22,688375,38.17,38.25,38.67,37.72,5710,22385949.0,2.51,0.92,0.35,0.22
2024-08-23,688375,38.46,38.32,38.46,37.69,6041,23569121.0,2.01,0.18,0.07,0.23
2024-08-26,688375,37.37,37.41,38.07,36.25,12381,46839911.0,4.75,-2.37,-0.91,0.47
2024-08-27,688375,36.98,37.08,37.29,36.6,6647,25128542.0,1.84,-0.88,-0.33,0.25
2024-08-28,688375,36.64,37.51,38.09,36.59,6352,24530432.0,4.05,1.16,0.43,0.24
2024-08-29,688375,37.36,37.73,38.16,36.81,6707,25959714.0,3.6,0.59,0.22,0.25
2024-08-30,688375,37.72,38.28,38.69,37.34,10454,40943996.0,3.58,1.46,0.55,0.39
2024-09-02,688375,37.83,36.27,38.1,36.27,10630,40039400.0,4.78,-5.25,-2.01,0.4
2024-09-03,688375,36.38,36.64,37.03,36.09,5675,21229466.0,2.59,1.02,0.37,0.21
2024-09-04,688375,37.02,36.85,37.04,36.09,5386,20282484.0,2.59,0.57,0.21,0.2
2024-09-05,688375,36.99,36.47,37.17,36.24,5381,20218090.0,2.52,-1.03,-0.38,0.2
2024-09-06,688375,36.86,35.55,36.86,35.46,4615,16972686.0,3.84,-2.52,-0.92,0.17
2024-09-09,688375,35.39,34.81,35.71,34.39,7698,27555403.0,3.71,-2.08,-0.74,0.29
2024-09-10,688375,35.49,33.79,35.49,33.46,12704,44298223.0,5.83,-2.93,-1.02,0.48
2024-09-11,688375,33.57,33.08,33.78,32.78,11294,38609747.0,2.96,-2.1,-0.71,0.43
2024-09-12,688375,33.14,32.5,33.53,32.44,8964,30384483.0,3.3,-1.75,-0.58,0.34
2024-09-13,688375,32.55,32.12,32.78,32.08,12280,40948105.0,2.15,-1.17,-0.38,0.46
2024-09-18,688375,32.12,31.9,32.34,31.22,8795,28688925.0,3.49,-0.68,-0.22,0.33
2024-09-19,688375,31.92,32.38,32.79,31.69,11843,39269547.0,3.45,1.5,0.48,0.45
2024-09-20,688375,32.41,33.01,33.37,31.92,10665,35866450.0,4.48,1.95,0.63,0.4
2024-09-23,688375,32.76,33.68,34.37,32.76,13449,46760069.0,4.88,2.03,0.67,0.51
2024-09-24,688375,33.91,34.88,34.92,33.34,10671,37477500.0,4.69,3.56,1.2,0.4
2024-09-25,688375,35.54,34.47,35.77,34.41,14577,52337674.0,3.9,-1.18,-0.41,0.55
2024-09-26,688375,34.37,36.31,36.34,34.14,12122,43786437.0,6.38,5.34,1.84,0.46
2024-09-27,688375,37.39,39.09,39.09,36.49,9510,36483440.0,7.16,7.66,2.78,0.36
2024-09-30,688375,42.09,47.07,47.09,40.08,44980,199355317.0,17.93,20.41,7.98,1.69
2024-10-08,688375,56.67,54.9,56.67,52.14,61540,341978369.0,9.62,16.63,7.83,2.32
2024-10-09,688375,51.59,49.52,54.49,48.69,64323,339237399.0,10.56,-9.8,-5.38,2.42
2024-10-10,688375,50.89,50.08,52.39,48.59,34930,179279987.0,7.67,1.13,0.56,1.32
2024-10-11,688375,51.61,48.56,51.61,48.09,28264,142312267.0,7.03,-3.04,-1.52,1.06
2024-10-14,688375,49.88,53.06,53.17,47.89,34495,177277932.0,10.87,9.27,4.5,1.3
2024-10-15,688375,52.34,49.89,53.18,49.75,31184,163692486.0,6.46,-5.97,-3.17,1.17
2024-10-16,688375,49.45,49.11,50.44,48.6,14866,74914559.0,3.69,-1.56,-0.78,0.56
2024-10-17,688375,49.17,48.33,50.26,48.09,20049,100718463.0,4.42,-1.59,-0.78,0.76
2024-10-18,688375,48.28,51.07,53.05,47.73,47902,245976648.0,11.01,5.67,2.74,1.8
2024-10-21,688375,57.1,55.86,57.6,53.83,113805,639877984.0,7.38,9.38,4.79,4.29
2024-10-22,688375,55.52,53.0,55.52,52.1,51264,274766602.0,6.12,-5.12,-2.86,1.93
2024-10-23,688375,53.3,56.43,57.6,52.42,70864,399553205.0,9.77,6.47,3.43,2.67
2024-10-24,688375,55.97,55.13,56.25,54.11,30756,170767441.0,3.79,-2.3,-1.3,1.16
2024-10-25,688375,54.5,57.7,59.82,54.5,41938,244718823.0,9.65,4.66,2.57,1.58
2024-10-28,688375,57.6,56.63,59.58,56.1,36638,212034832.0,6.03,-1.85,-1.07,1.38
2024-10-29,688375,56.65,55.35,57.5,54.9,24075,135874591.0,4.59,-2.26,-1.28,0.91
2024-10-30,688375,53.98,52.0,53.98,51.7,35209,186444929.0,4.12,-6.05,-3.35,1.33
2024-10-31,688375,52.0,53.57,54.59,51.28,31048,166451374.0,6.37,3.02,1.57,1.17
2024-11-01,688375,52.68,51.08,53.47,51.05,24649,129181283.0,4.52,-4.65,-2.49,0.93
2024-11-04,688375,51.0,53.24,53.41,50.75,18938,100381276.0,5.21,4.23,2.16,0.71
2024-11-05,688375,53.3,56.6,57.63,53.3,42313,238998056.0,8.13,6.31,3.36,1.59
2024-11-06,688375,56.93,54.94,57.38,54.5,33460,188325052.0,5.09,-2.93,-1.66,1.26
2024-11-07,688375,54.6,54.75,55.41,53.2,26309,143843950.0,4.02,-0.35,-0.19,0.99
2024-11-08,688375,55.4,58.37,61.13,55.4,53830,317507517.0,10.47,6.61,3.62,2.03
2024-11-11,688375,59.67,60.62,61.97,58.78,48156,294033287.0,5.47,3.85,2.25,1.81
2024-11-12,688375,60.62,58.5,61.35,58.0,37273,223935631.0,5.53,-3.5,-2.12,1.4
2024-11-13,688375,58.28,59.61,60.4,57.62,31225,186391478.0,4.75,1.9,1.11,1.18
2024-11-14,688375,59.06,57.02,59.4,56.91,22488,131289220.0,4.18,-4.34,-2.59,0.85
2024-11-15,688375,56.6,52.59,57.37,52.0,47503,258944708.0,9.42,-7.77,-4.43,1.79
2024-11-18,688375,52.39,50.92,53.26,50.17,32801,169810832.0,5.88,-3.18,-1.67,1.24
2024-11-19,688375,50.9,52.25,52.45,49.8,31418,162159490.0,5.2,2.61,1.33,1.18
2024-11-20,688375,51.9,52.62,53.12,51.4,17271,91005646.0,3.29,0.71,0.37,0.65
2024-11-21,688375,52.28,52.21,52.7,51.46,15062,78960865.0,2.36,-0.78,-0.41,0.57
2024-11-22,688375,51.9,48.8,52.39,48.8,22510,114458455.0,6.88,-6.53,-3.41,0.85
2024-11-25,688375,48.64,48.24,49.48,47.09,19189,92955736.0,4.9,-1.15,-0.56,0.72
2024-11-26,688375,48.06,48.6,49.36,47.46,17057,83880084.0,3.94,0.75,0.36,0.64
2024-11-27,688375,49.6,51.7,51.7,47.85,25890,130847903.0,7.92,6.38,3.1,0.98
2024-11-28,688375,51.2,50.89,51.72,50.62,16192,83540383.0,2.13,-1.57,-0.81,0.61
2024-11-29,688375,50.55,52.2,52.59,49.72,22969,119577906.0,5.64,2.57,1.31,0.87
2024-12-02,688375,51.82,51.33,53.8,50.92,32591,171936609.0,5.52,-1.67,-0.87,1.23
2024-12-03,688375,51.37,50.03,51.9,49.49,26578,134915350.0,4.7,-2.53,-1.3,1.0
2024-12-04,688375,50.08,49.33,50.48,49.1,16069,80601114.0,2.76,-1.4,-0.7,0.61
2024-12-05,688375,49.37,49.69,50.35,49.03,12758,63797331.0,2.68,0.73,0.36,0.48
2024-12-06,688375,49.97,50.17,50.84,49.23,15061,75985035.0,3.24,0.97,0.48,0.57
2024-12-09,688375,50.45,49.44,50.73,49.24,13462,67666530.0,2.97,-1.46,-0.73,0.51
2024-12-10,688375,51.2,50.18,51.77,49.98,18832,96521654.0,3.62,1.5,0.74,0.71
2024-12-11,688375,50.3,49.78,50.45,49.13,16007,80419685.0,2.63,-0.8,-0.4,0.6
2024-12-12,688375,50.18,50.71,51.19,49.46,24679,125014774.0,3.48,1.87,0.93,0.93
2024-12-13,688375,50.1,48.5,50.6,48.36,25695,126941892.0,4.42,-4.36,-2.21,0.97
2024-12-16,688375,48.55,47.56,48.95,47.3,18630,89545835.0,3.4,-1.94,-0.94,0.7
2024-12-17,688375,48.02,46.3,48.14,46.2,22077,104473508.0,4.08,-2.65,-1.26,0.83
2024-12-18,688375,47.03,47.09,47.56,46.41,14443,68513282.0,2.48,1.71,0.79,0.54
2024-12-19,688375,47.09,47.84,47.99,46.53,14550,69835281.0,3.1,1.59,0.75,0.55
2024-12-20,688375,47.65,47.84,48.6,47.35,16308,78965217.0,2.61,0.0,0.0,0.61
2024-12-23,688375,47.9,46.82,47.95,46.5,16186,77081531.0,3.03,-2.13,-1.02,0.61
2024-12-24,688375,47.26,47.59,47.82,46.87,12281,58638794.0,2.03,1.64,0.77,0.46
2024-12-25,688375,47.19,46.96,47.9,46.63,9810,46568370.0,2.67,-1.32,-0.63,0.37
2024-12-26,688375,46.96,47.6,47.84,46.96,10223,48919210.0,1.87,1.36,0.64,0.39
2024-12-27,688375,48.51,48.02,48.97,47.71,21026,102480382.0,2.65,0.88,0.42,0.79
2024-12-30,688375,48.25,49.6,50.03,47.7,27822,138272948.0,4.85,3.29,1.58,1.05
2024-12-31,688375,49.15,48.96,49.68,48.63,21466,106289329.0,2.12,-1.29,-0.64,0.81
2025-01-02,688375,48.97,46.48,49.58,46.13,18399,87703481.0,7.05,-5.07,-2.48,0.69
2025-01-03,688375,47.46,45.2,47.46,45.01,16322,75527414.0,5.27,-2.75,-1.28,0.61
2025-01-06,688375,44.85,45.22,45.59,44.28,14417,65214666.0,2.9,0.04,0.02,0.54
2025-01-07,688375,45.22,45.23,45.8,44.63,8448,38518602.0,2.59,0.02,0.01,0.32
2025-01-08,688375,45.05,44.48,45.55,43.1,12445,55551753.0,5.42,-1.66,-0.75,0.47
2025-01-09,688375,44.2,44.97,45.58,44.06,9494,43185457.0,3.42,1.1,0.49,0.36
2025-01-10,688375,44.88,43.64,45.58,43.62,11548,51952554.0,4.36,-2.96,-1.33,0.44
2025-01-13,688375,43.28,44.34,44.76,42.76,10787,47899555.0,4.58,1.6,0.7,0.41
2025-01-14,688375,44.1,45.94,46.22,44.1,12780,58710260.0,4.78,3.61,1.6,0.48
2025-01-15,688375,45.67,45.1,46.13,44.93,8181,37459316.0,2.61,-1.83,-0.84,0.31
2025-01-16,688375,45.36,44.7,45.96,44.4,12176,55340379.0,3.46,-0.89,-0.4,0.46
2025-01-17,688375,44.8,45.33,45.51,44.2,12215,55236230.0,2.93,1.41,0.63,0.46
2025-01-20,688375,45.58,45.45,46.26,44.6,12350,56489013.0,3.66,0.26,0.12,0.47
2025-01-21,688375,45.65,45.09,45.65,44.51,7600,34475057.0,2.51,-0.79,-0.36,0.29
2025-01-22,688375,45.15,44.71,45.2,44.01,9663,43369491.0,2.64,-0.84,-0.38,0.36
2025-01-23,688375,45.07,46.49,46.72,44.9,22195,103161076.0,4.07,3.98,1.78,0.84
2025-01-24,688375,46.07,46.6,47.57,45.87,17745,83796608.0,3.66,0.24,0.11,0.67
2025-01-27,688375,46.59,44.65,46.73,44.6,17286,79089857.0,4.57,-4.18,-1.95,0.65
2025-02-05,688375,45.09,45.26,45.97,44.34,14724,67436116.0,3.65,1.37,0.61,0.55
2025-02-06,688375,45.14,48.4,48.76,44.81,31037,148988130.0,8.73,6.94,3.14,1.17
2025-02-07,688375,48.37,48.56,49.4,47.88,20906,102378196.0,3.14,0.33,0.16,0.79
2025-02-10,688375,48.57,49.74,50.3,48.1,22310,111353146.0,4.53,2.43,1.18,0.84
2025-02-11,688375,49.58,50.25,51.35,49.08,23446,118827223.0,4.56,1.03,0.51,0.88
2025-02-12,688375,50.19,50.01,50.25,49.36,14862,74542767.0,1.77,-0.48,-0.24,0.56
2025-02-13,688375,49.61,48.41,50.1,48.38,15804,77963021.0,3.44,-3.2,-1.6,0.6
2025-02-14,688375,48.22,48.75,49.07,47.99,10153,49765921.0,2.23,0.7,0.34,0.38
2025-02-17,688375,48.81,48.95,49.34,48.01,16319,79930314.0,2.73,0.41,0.2,0.61
2025-02-18,688375,48.62,47.92,49.16,47.4,13572,66187510.0,3.6,-2.1,-1.03,0.51
2025-02-19,688375,47.67,48.96,49.15,47.67,14125,69251543.0,3.09,2.17,1.04,0.53
2025-02-20,688375,48.97,49.59,49.6,48.62,15094,74850862.0,2.0,1.29,0.63,0.57
2025-02-21,688375,49.5,50.5,50.96,48.92,29341,148396193.0,4.11,1.84,0.91,1.11
2025-02-24,688375,49.6,49.75,50.37,48.27,23965,119458679.0,4.16,-1.49,-0.75,0.9
2025-02-25,688375,49.6,52.76,53.27,48.76,45427,237567510.0,9.07,6.05,3.01,1.71
2025-02-26,688375,52.72,52.19,53.9,51.97,39276,209844784.0,3.66,-1.08,-0.57,1.48
2025-02-27,688375,52.1,53.23,53.45,51.48,23536,124337229.0,3.77,1.99,1.04,0.89
2025-02-28,688375,52.76,52.79,54.48,52.23,29595,159504527.0,4.23,-0.83,-0.44,1.11
2025-03-03,688375,52.83,52.86,55.46,52.45,25065,136746983.0,5.7,0.13,0.07,0.94
2025-03-04,688375,52.5,53.75,54.6,52.11,22571,122625620.0,4.71,1.68,0.89,0.85
2025-03-05,688375,53.71,53.1,53.71,52.15,18141,96777936.0,2.9,-1.21,-0.65,0.68
2025-03-06,688375,53.48,53.68,54.09,52.31,19434,104389760.0,3.35,1.09,0.58,0.73
2025-03-07,688375,53.41,54.56,55.94,52.6,30030,164904768.0,6.22,1.64,0.88,1.13
2025-03-10,688375,53.96,53.8,55.37,53.52,16451,89653012.0,3.39,-1.39,-0.76,0.62
2025-03-11,688375,52.6,58.31,58.48,52.21,52299,298907042.0,11.65,8.38,4.51,1.97
2025-03-12,688375,59.48,57.49,60.08,57.3,22901,134925745.0,4.77,-1.41,-0.82,0.86
2025-03-13,688375,57.6,57.8,57.96,56.12,20602,118310013.0,3.2,0.54,0.31,0.78
2025-03-14,688375,57.88,57.22,57.88,56.3,18145,104000368.0,2.73,-1.0,-0.58,0.68
2025-03-17,688375,56.63,54.82,57.3,54.6,24073,134781979.0,4.72,-4.19,-2.4,0.91
2025-03-18,688375,54.99,55.08,55.76,54.7,15564,86435765.0,1.93,0.47,0.26,0.59
2025-03-19,688375,55.1,53.88,55.41,53.74,12814,70172631.0,3.03,-2.18,-1.2,0.48
2025-03-20,688375,53.95,54.06,54.71,53.42,14378,78651388.0,2.39,0.33,0.18,0.54
2025-03-21,688375,53.83,53.85,54.72,53.54,14744,80254308.0,2.18,-0.39,-0.21,0.56
2025-03-24,688375,53.62,52.25,54.04,51.36,17097,90034713.0,4.98,-2.97,-1.6,0.64
2025-03-25,688375,52.3,53.1,54.44,52.3,12160,65658751.0,4.1,1.63,0.85,0.46
2025-03-26,688375,52.95,52.96,53.95,52.4,12575,67039033.0,2.92,-0.26,-0.14,0.47
2025-03-27,688375,52.88,52.99,53.74,51.7,9009,48006923.0,3.85,0.06,0.03,0.34
2025-03-28,688375,52.82,52.48,53.55,52.1,5876,31124654.0,2.74,-0.96,-0.51,0.22
2025-03-31,688375,52.28,52.63,53.1,51.91,10744,56877820.0,2.27,0.29,0.15,0.4
2025-04-01,688375,52.98,53.9,54.4,52.6,13081,70708767.0,3.42,2.41,1.27,0.49
2025-04-02,688375,53.43,54.21,54.75,53.1,9184,50039503.0,3.06,0.58,0.31,0.35
2025-04-03,688375,53.84,53.32,55.36,53.31,8718,47617566.0,3.78,-1.64,-0.89,0.33
2025-04-07,688375,51.59,46.98,53.57,44.4,21226,105069582.0,17.2,-11.89,-6.34,0.8
2025-04-08,688375,47.31,48.34,50.18,47.31,20567,101482098.0,6.11,2.89,1.36,0.77
2025-04-09,688375,48.21,51.7,52.33,48.21,42744,214416382.0,8.52,6.95,3.36,1.61
2025-04-10,688375,51.58,51.34,52.59,50.53,26378,137358135.0,3.98,-0.7,-0.36,0.99
2025-04-11,688375,51.37,53.7,54.9,51.1,38215,207594952.0,7.4,4.6,2.36,1.44
2025-04-14,688375,54.1,52.77,54.6,52.48,24402,131224899.0,3.95,-1.73,-0.93,0.92
2025-04-15,688375,53.01,51.4,53.01,49.93,20668,106210790.0,5.84,-2.6,-1.37,0.78
2025-04-16,688375,51.21,50.49,51.8,49.73,12768,65172887.0,4.03,-1.77,-0.91,0.48
2025-04-17,688375,50.49,49.43,51.77,49.21,18633,94703908.0,5.07,-2.1,-1.06,0.7
2025-04-18,688375,47.1,48.73,49.2,46.6,21549,103882829.0,5.26,-1.42,-0.7,0.81
2025-04-21,688375,48.58,49.93,50.36,48.23,17667,88432609.0,4.37,2.46,1.2,0.67
2025-04-22,688375,49.85,49.78,50.43,48.42,14691,73490099.0,4.03,-0.3,-0.15,0.55
2025-04-23,688375,49.9,49.1,50.26,49.1,10326,51669902.0,2.33,-1.37,-0.68,0.39
2025-04-24,688375,49.08,48.81,49.2,47.8,17810,87004457.0,2.85,-0.59,-0.29,0.67
2025-04-25,688375,48.8,48.96,49.9,48.6,12599,62479260.0,2.66,0.31,0.15,0.47
2025-04-28,688375,48.79,49.22,49.78,48.4,8321,41305821.0,2.82,0.53,0.26,0.31
2025-04-29,688375,49.12,49.17,49.82,48.84,7167,35635355.0,1.99,-0.1,-0.05,0.27
2025-04-30,688375,49.17,49.4,49.85,48.9,7493,37288474.0,1.93,0.47,0.23,0.28
2025-05-06,688375,49.8,50.1,50.39,49.23,13774,69241145.0,2.35,1.42,0.7,0.52
2025-05-07,688375,51.78,54.55,55.6,51.78,62006,335813456.0,7.62,8.88,4.45,2.34
2025-05-08,688375,55.8,56.52,56.58,53.6,48292,268981274.0,5.46,3.61,1.97,1.82
2025-05-09,688375,59.19,59.74,67.9,55.6,111748,671934186.0,21.76,5.7,3.22,4.21
2025-05-12,688375,58.6,62.05,65.1,58.3,122455,763408066.0,11.38,3.87,2.31,4.61
2025-05-13,688375,62.24,56.61,62.24,56.58,76792,448715989.0,9.12,-8.77,-5.44,2.89
2025-05-14,688375,56.6,56.51,57.48,55.46,46148,262411664.0,3.57,-0.18,-0.1,1.74
2025-05-15,688375,56.6,54.6,56.61,54.21,36957,205643440.0,4.25,-3.38,-1.91,1.39
2025-05-16,688375,54.55,53.95,55.25,53.88,25736,140966777.0,2.51,-1.19,-0.65,0.97
2025-05-19,688375,54.3,56.06,56.25,53.56,44005,244892903.0,4.99,3.91,2.11,1.66
2025-05-20,688375,55.49,54.7,55.49,53.73,36933,202409750.0,3.14,-2.43,-1.36,1.39
2025-05-21,688375,54.17,55.12,56.06,54.1,26059,144971116.0,3.58,0.77,0.42,0.98
2025-05-22,688375,55.1,56.56,58.71,54.7,46504,267581656.0,7.28,2.61,1.44,1.75
2025-05-23,688375,55.63,55.7,57.79,54.98,31215,176898151.0,4.97,-1.52,-0.86,1.18
2025-05-26,688375,55.12,56.4,56.4,53.67,21134,117022911.0,4.9,1.26,0.7,0.8
2025-05-27,688375,55.63,55.36,56.07,54.33,18848,104740280.0,3.09,-1.84,-1.04,0.71
2025-05-28,688375,55.12,57.0,58.16,54.75,33388,191443239.0,6.16,2.96,1.64,1.26
2025-05-29,688375,56.45,57.6,57.78,56.22,22031,126800406.0,2.74,1.05,0.6,0.83
2025-05-30,688375,57.23,56.71,58.14,56.61,16987,98060196.0,2.66,-1.55,-0.89,0.64
2025-06-03,688375,56.59,56.39,58.48,54.77,35870,204561130.0,6.54,-0.56,-0.32,1.35
2025-06-04,688375,55.6,55.42,56.24,54.6,22895,127994367.0,2.91,-1.72,-0.97,0.86
2025-06-05,688375,55.32,55.61,56.2,54.98,17155,95978537.0,2.2,0.34,0.19,0.65
2025-06-06,688375,55.61,54.66,56.2,54.62,19037,106124499.0,2.84,-1.71,-0.95,0.72
2025-06-09,688375,55.25,55.55,56.9,54.99,24979,141067138.0,3.49,1.63,0.89,0.94
2025-06-10,688375,55.41,53.5,55.41,52.71,30138,163406980.0,4.86,-3.69,-2.05,1.14
2025-06-11,688375,53.56,55.66,55.82,53.1,32704,179884522.0,5.08,4.04,2.16,1.23
2025-06-12,688375,55.51,54.52,55.6,53.53,25571,140399372.0,3.72,-2.05,-1.14,0.96
2025-06-13,688375,54.52,54.43,55.37,53.78,29150,160171947.0,2.92,-0.17,-0.09,1.1
2025-06-16,688375,54.41,54.61,55.59,53.61,20756,114856933.0,3.64,0.33,0.18,0.78
2025-06-17,688375,54.71,56.2,56.99,53.16,30842,171979166.0,7.01,2.91,1.59,1.16
2025-06-18,688375,56.21,57.31,58.47,55.8,36441,209810627.0,4.75,1.98,1.11,1.37
2025-06-19,688375,56.73,56.38,57.86,55.55,19377,108926587.0,4.03,-1.62,-0.93,0.73
2025-06-20,688375,56.25,57.66,59.65,55.62,41663,240567630.0,7.15,2.27,1.28,1.57
2025-06-23,688375,58.09,58.71,59.28,57.19,27027,157784454.0,3.62,1.82,1.05,1.02
2025-06-24,688375,57.5,58.05,58.86,56.5,21607,125270034.0,4.02,-1.12,-0.66,0.81
2025-06-25,688375,58.0,59.78,60.46,57.88,27907,166212206.0,4.44,2.98,1.73,1.05
2025-06-26,688375,59.52,59.8,60.7,59.02,24731,147862161.0,2.81,0.03,0.02,0.93
2025-06-27,688375,59.58,58.91,61.05,58.91,22508,134388283.0,3.58,-1.49,-0.89,0.85
2025-06-30,688375,59.3,60.01,60.88,58.92,28770,173097394.0,3.33,1.87,1.1,1.08
2025-07-01,688375,59.75,60.06,60.68,59.02,16672,100033525.0,2.77,0.08,0.05,0.63
2025-07-02,688375,59.22,58.33,59.98,58.03,20097,117853318.0,3.25,-2.88,-1.73,0.76
2025-07-03,688375,58.0,59.68,60.68,58.0,24489,146992358.0,4.59,2.31,1.35,0.92
2025-07-04,688375,59.65,59.24,59.89,58.88,13379,79458194.0,1.69,-0.74,-0.44,0.5
2025-07-07,688375,59.23,59.53,59.96,58.66,10564,62824270.0,2.19,0.49,0.29,0.4
2025-07-08,688375,59.3,60.05,60.97,59.13,24490,147667812.0,3.09,0.87,0.52,0.92
2025-07-09,688375,59.8,59.52,60.8,59.31,16603,99487571.0,2.48,-0.88,-0.53,0.63
2025-07-10,688375,59.3,58.99,59.4,58.15,11140,65452587.0,2.1,-0.89,-0.53,0.42
2025-07-11,688375,59.1,59.7,60.7,58.9,17116,102695928.0,3.05,1.2,0.71,0.64
2025-07-14,688375,60.08,58.95,60.5,58.68,15016,89244426.0,3.05,-1.26,-0.75,0.57
2025-07-15,688375,58.96,58.81,59.78,58.0,13563,79938275.0,3.02,-0.24,-0.14,0.51
2025-07-16,688375,58.8,57.62,59.3,57.58,11094,64592785.0,2.92,-2.02,-1.19,0.42
2025-07-17,688375,57.9,61.35,62.22,57.21,36801,221724890.0,8.69,6.47,3.73,1.39
2025-07-18,688375,61.3,60.62,61.97,60.5,22031,134905606.0,2.4,-1.19,-0.73,0.83
2025-07-21,688375,60.5,60.32,61.47,59.76,16170,97910433.0,2.82,-0.49,-0.3,0.61
2025-07-22,688375,60.32,63.02,63.7,60.08,58455,363628445.0,6.0,4.48,2.7,0.98
2025-07-23,688375,62.95,67.25,68.8,62.0,62481,413948704.0,10.79,6.71,4.23,1.05
2025-07-24,688375,67.0,64.71,67.0,64.4,35924,234317715.0,3.87,-3.78,-2.54,0.6
2025-07-25,688375,64.72,63.67,65.18,63.03,27016,172981243.0,3.32,-1.61,-1.04,0.45
2025-07-28,688375,63.97,64.4,65.39,63.46,30810,198354533.0,3.03,1.15,0.73,0.52
2025-07-29,688375,64.23,64.24,64.5,62.88,20308,129199538.0,2.52,-0.25,-0.16,0.34
2025-07-30,688375,64.49,63.46,65.65,62.91,26348,169095937.0,4.27,-1.21,-0.78,0.44
2025-07-31,688375,63.11,62.57,64.68,62.0,22414,141901084.0,4.22,-1.4,-0.89,0.38
2025-08-01,688375,62.57,62.83,64.43,61.4,19754,123933845.0,4.84,0.42,0.26,0.33
2025-08-04,688375,62.2,64.96,65.23,62.2,19815,127078461.0,4.82,3.39,2.13,0.33
2025-08-05,688375,65.05,63.88,65.85,63.65,20489,132330559.0,3.39,-1.66,-1.08,0.34
2025-08-06,688375,63.88,64.69,65.5,63.74,22946,148839246.0,2.76,1.27,0.81,0.38
2025-08-07,688375,64.71,63.6,65.49,63.02,26021,165682894.0,3.82,-1.68,-1.09,0.44
2025-08-08,688375,63.36,63.45,64.19,63.09,15606,99254052.0,1.73,-0.24,-0.15,0.26
2025-08-11,688375,63.49,66.51,67.01,63.0,40554,266784585.0,6.32,4.82,3.06,0.68
2025-08-12,688375,66.18,65.7,66.26,64.46,19055,124231880.0,2.71,-1.22,-0.81,0.32
2025-08-13,688375,65.49,65.65,66.19,64.7,17443,114137493.0,2.27,-0.08,-0.05,0.29
2025-08-14,688375,65.5,63.23,65.5,63.0,23363,149305688.0,3.81,-3.69,-2.42,0.39
2025-08-15,688375,63.3,63.16,63.62,62.63,16820,106111235.0,1.57,-0.11,-0.07,0.28
2025-08-18,688375,63.21,63.0,64.27,62.0,32748,206774778.0,3.59,-0.25,-0.16,0.55
2025-08-19,688375,62.81,61.0,63.28,60.51,34516,211514283.0,4.4,-3.17,-2.0,0.58
2025-08-20,688375,60.57,61.51,61.57,60.2,27398,166955201.0,2.25,0.84,0.51,0.46
2025-08-21,688375,61.44,61.12,62.09,60.58,24183,148563702.0,2.45,-0.63,-0.39,0.41
2025-08-22,688375,60.8,62.29,62.43,60.66,26657,163949112.0,2.9,1.91,1.17,0.45
2025-08-25,688375,62.3,63.51,63.9,62.21,45140,285201244.0,2.71,1.96,1.22,0.76
2025-08-26,688375,63.6,63.1,63.88,62.5,23791,150751758.0,2.17,-0.65,-0.41,0.4
2025-08-27,688375,63.12,61.72,64.5,61.68,37520,237638074.0,4.47,-2.19,-1.38,0.63
2025-08-28,688375,61.7,64.72,65.28,61.58,53053,338609424.0,5.99,4.86,3.0,0.89
2025-08-29,688375,65.26,64.77,66.49,63.74,52590,341714692.0,4.25,0.08,0.05,0.88
2025-09-01,688375,64.8,69.73,69.98,64.65,67637,460732961.0,8.23,7.66,4.96,1.13
2025-09-02,688375,68.99,66.78,69.6,66.0,37364,250797089.0,5.16,-4.23,-2.95,0.63
2025-09-03,688375,67.05,65.62,67.99,64.48,45535,300985710.0,5.26,-1.74,-1.16,0.76
2025-09-04,688375,66.5,66.57,69.58,65.02,46850,317194483.0,6.95,1.45,0.95,0.79
2025-09-05,688375,66.61,71.0,71.51,65.77,32302,221132709.0,8.62,6.65,4.43,0.54
2025-09-08,688375,71.12,70.31,73.0,69.02,29405,207625331.0,5.61,-0.97,-0.69,0.49
2025-09-09,688375,69.09,68.59,71.2,67.03,21537,147768746.0,5.93,-2.45,-1.72,0.36
2025-09-10,688375,68.59,69.48,70.1,67.8,19636,135595754.0,3.35,1.3,0.89,0.33
2025-09-11,688375,69.0,80.95,81.78,68.0,57351,435963110.0,19.83,16.51,11.47,0.96
2025-09-12,688375,80.81,77.86,81.35,77.86,36744,291881774.0,4.31,-3.82,-3.09,0.62
2025-09-15,688375,78.09,76.1,78.79,75.18,26148,199735078.0,4.64,-2.26,-1.76,0.44
2025-09-16,688375,75.99,74.42,76.29,74.11,26782,201107467.0,2.86,-2.21,-1.68,0.45
2025-09-17,688375,74.42,74.0,76.09,74.0,19728,147671160.0,2.81,-0.56,-0.42,0.33
2025-09-18,688375,74.23,75.36,77.98,73.76,29858,226722820.0,5.7,1.84,1.36,0.5
2025-09-19,688375,75.46,74.37,78.24,74.37,22078,168577408.0,5.14,-1.31,-0.99,0.37
2025-09-22,688375,75.1,72.19,75.77,71.4,40055,290196210.0,5.88,-2.93,-2.18,0.67
2025-09-23,688375,71.77,72.0,72.38,70.0,27935,198786795.0,3.3,-0.26,-0.19,0.47
2025-09-24,688375,70.67,72.29,73.18,70.67,22655,163805740.0,3.49,0.4,0.29,0.38
2025-09-25,688375,72.05,74.53,75.99,72.0,28839,213669952.0,5.52,3.1,2.24,0.48
2025-09-26,688375,73.63,74.22,75.47,73.13,21438,158588474.0,3.14,-0.42,-0.31,0.36
2025-09-29,688375,74.36,73.9,75.58,72.5,26032,192537840.0,4.15,-0.43,-0.32,0.44
2025-09-30,688375,73.9,76.7,78.29,73.77,28247,215531171.0,6.12,3.79,2.8,0.47
2025-10-09,688375,76.12,79.82,80.12,74.9,35178,271786256.0,6.81,4.07,3.12,0.59
2025-10-10,688375,79.49,75.76,79.49,75.02,29254,223605605.0,5.6,-5.09,-4.06,0.49
2025-10-13,688375,74.0,77.46,77.99,73.15,25684,193804661.0,6.39,2.24,1.7,0.43
2025-10-14,688375,77.64,74.8,78.36,74.18,22207,168378278.0,5.4,-3.43,-2.66,0.37
2025-10-15,688375,75.43,75.2,75.53,72.14,20099,148510258.0,4.53,0.53,0.4,0.34
2025-10-16,688375,75.2,74.38,77.64,73.92,23404,176813629.0,4.95,-1.09,-0.82,0.39
2025-10-17,688375,74.27,71.58,75.68,71.51,18486,135063553.0,5.61,-3.76,-2.8,0.31
2025-10-20,688375,72.9,71.4,73.49,70.57,19923,142762996.0,4.08,-0.25,-0.18,0.33
2025-10-21,688375,71.41,71.6,72.75,71.28,16762,120789476.0,2.06,0.28,0.2,0.28
2025-10-22,688375,71.42,70.59,72.16,70.0,13177,93460065.0,3.02,-1.41,-1.01,0.22
2025-10-23,688375,70.63,68.55,71.3,67.58,27867,190492984.0,5.27,-2.89,-2.04,0.47
2025-10-24,688375,69.2,70.18,72.0,69.2,27126,191585962.0,4.08,2.38,1.63,0.46
2025-10-27,688375,70.18,69.08,72.58,68.75,35593,248011631.0,5.46,-1.57,-1.1,0.6
2025-10-28,688375,69.0,68.5,69.84,67.91,23254,160065862.0,2.79,-0.84,-0.58,0.39
2025-10-29,688375,68.31,68.76,69.36,67.75,21658,148199047.0,2.35,0.38,0.26,0.36
2025-10-30,688375,70.5,72.5,74.28,69.18,59209,427019137.0,7.42,5.44,3.74,0.99
2025-10-31,688375,72.55,71.21,74.06,71.01,33809,244774354.0,4.21,-1.78,-1.29,0.57
2025-11-03,688375,71.21,73.62,74.2,70.63,42654,309726950.0,5.01,3.38,2.41,0.72
2025-11-04,688375,73.23,70.53,73.4,70.0,28158,200114709.0,4.62,-4.2,-3.09,0.47
2025-11-05,688375,67.0,68.17,68.89,66.51,36714,248322580.0,3.37,-3.35,-2.36,0.62
2025-11-06,688375,67.98,69.0,69.92,67.61,21200,146153542.0,3.39,1.22,0.83,0.36
2025-11-07,688375,69.03,70.8,71.32,67.8,19670,137200000.0,5.1,2.61,1.8,0.33
2025-11-10,688375,71.63,70.16,71.63,69.86,17393,122920271.0,2.5,-0.9,-0.64,0.29
2025-11-11,688375,70.11,68.89,71.23,68.52,14748,102196300.0,3.86,-1.81,-1.27,0.25
2025-11-12,688375,68.81,70.04,70.77,68.11,25353,176596377.0,3.86,1.67,1.15,0.43
2025-11-13,688375,69.7,69.68,70.49,69.0,13024,90993141.0,2.13,-0.51,-0.36,0.22
2025-11-14,688375,69.44,69.81,71.79,69.44,17906,126995628.0,3.37,0.19,0.13,0.3
2025-11-17,688375,70.21,70.8,72.16,70.16,25150,179490207.0,2.86,1.42,0.99,0.42
2025-11-18,688375,70.49,69.98,71.18,69.56,14546,102243692.0,2.29,-1.16,-0.82,0.24
2025-11-19,688375,69.85,70.08,71.48,69.41,12490,87695296.0,2.96,0.14,0.1,0.21
2025-11-20,688375,70.18,68.44,70.5,68.25,11369,78780441.0,3.21,-2.34,-1.64,0.19
2025-11-21,688375,67.94,66.35,69.19,65.6,26339,176212629.0,5.25,-3.05,-2.09,0.44
2025-11-24,688375,66.29,67.69,68.66,65.36,34226,229050858.0,4.97,2.02,1.34,0.57
2025-11-25,688375,67.7,69.83,70.96,66.87,26402,184058140.0,6.04,3.16,2.14,0.44
2025-11-26,688375,69.31,65.45,70.5,65.4,36101,241612443.0,7.3,-6.27,-4.38,0.61
2025-11-27,688375,65.41,65.93,66.88,65.0,20037,132654420.0,2.87,0.73,0.48,0.34
2025-11-28,688375,66.11,66.54,66.88,65.45,19296,127997461.0,2.17,0.93,0.61,0.32
2025-12-01,688375,67.4,68.05,69.69,67.4,41206,282408157.0,3.44,2.27,1.51,0.69
2025-12-02,688375,67.64,66.15,68.0,66.0,21865,145645598.0,2.94,-2.79,-1.9,0.37
2025-12-03,688375,66.47,65.25,66.63,64.89,23542,154057094.0,2.63,-1.36,-0.9,0.39
2025-12-04,688375,65.27,65.9,66.95,64.8,20001,131705589.0,3.3,1.0,0.65,0.34
2025-12-05,688375,66.0,68.08,68.08,65.51,31063,208363936.0,3.9,3.31,2.18,0.52
2025-12-08,688375,69.41,69.64,71.4,68.66,38908,273063201.0,4.02,2.29,1.56,0.65
2025-12-09,688375,68.75,69.06,70.67,68.02,28370,196506418.0,3.81,-0.83,-0.58,0.48
2025-12-10,688375,68.4,69.5,70.3,68.11,30747,213416268.0,3.17,0.64,0.44,0.52
2025-12-11,688375,69.6,72.39,72.65,69.6,57737,413485542.0,4.39,4.16,2.89,0.97
2025-12-12,688375,73.0,76.8,78.88,72.0,156534,1173927614.0,9.5,6.09,4.41,2.63
2025-12-15,688375,76.5,77.31,78.24,73.66,74253,562986001.0,5.96,0.66,0.51,1.25
2025-12-16,688375,76.0,79.9,81.65,74.18,62426,488614011.0,9.66,3.35,2.59,1.05
2025-12-17,688375,79.72,77.94,79.72,75.65,47229,366369857.0,5.09,-2.45,-1.96,0.79
2025-12-18,688375,76.81,80.9,85.85,76.01,71871,584538428.0,12.63,3.8,2.96,1.21
2025-12-19,688375,80.9,80.58,83.61,78.21,55128,443962324.0,6.67,-0.4,-0.32,0.92
2025-12-22,688375,81.8,77.9,81.9,77.06,60567,477561375.0,6.01,-3.33,-2.68,1.02
2025-12-23,688375,77.18,73.72,78.08,72.9,68699,514011325.0,6.65,-5.37,-4.18,1.15
2025-12-24,688375,72.88,74.07,75.55,72.05,68598,508364439.0,4.75,0.47,0.35,1.15
2025-12-25,688375,73.7,80.49,81.6,73.7,91793,720356772.0,10.67,8.67,6.42,1.54
2025-12-26,688375,80.4,81.66,82.5,78.4,76992,620185118.0,5.09,1.45,1.17,1.29
2025-12-29,688375,79.79,81.47,83.44,79.62,68588,561562263.0,4.68,-0.23,-0.19,1.15
2025-12-30,688375,80.03,83.1,88.38,79.11,93724,781206967.0,11.38,2.0,1.63,1.57
2025-12-31,688375,83.18,93.11,95.99,81.5,107783,938545579.0,17.44,12.05,10.01,1.81
2026-01-05,688375,95.0,98.3,101.31,89.51,134423,1295304240.0,12.67,5.57,5.19,2.26
2026-01-06,688375,95.0,99.5,101.0,93.2,96348,931853627.0,7.93,1.22,1.2,1.62
2026-01-07,688375,97.33,107.65,115.0,93.98,112063,1156037851.0,21.13,8.19,8.15,1.88
2026-01-08,688375,106.74,115.13,115.98,103.77,107795,1195559127.0,11.34,6.95,7.48,1.81
2026-01-09,688375,116.53,129.99,137.38,115.6,167851,2090294180.0,18.92,12.91,14.86,2.82
2026-01-12,688375,141.55,155.99,155.99,133.53,152279,2270269762.0,17.28,20.0,26.0,2.55
2026-01-13,688375,146.97,158.93,177.64,130.02,200711,3008426923.0,30.53,1.88,2.94,3.37
2026-01-14,688375,155.05,169.24,178.17,148.01,157244,2568465981.0,18.98,6.49,10.31,2.64
2026-01-15,688375,160.0,135.39,165.0,135.39,132456,1920660732.0,17.5,-20.0,-33.85,2.22
